,average,q0025,q0975
0,0.92,0.741,1.109
1,0.901,0.722,1.09
2,0.873,0.696,1.062
3,0.835,0.666,1.016
4,0.835,0.667,1.022
5,0.835,0.675,1.014
6,0.845,0.685,1.016
7,0.835,0.675,1.014
8,0.817,0.656,1.004
9,0.817,0.665,0.998
10,0.807,0.648,0.988
11,0.789,0.63,0.958
12,0.779,0.629,0.949
13,0.789,0.629,0.957
14,0.779,0.629,0.957
15,0.751,0.591,0.936
16,0.807,0.638,0.986
17,0.807,0.639,0.985
18,0.798,0.628,0.968
19,0.77,0.602,0.955
20,0.77,0.608,0.939
21,0.751,0.59,0.913
22,0.742,0.581,0.903
23,0.751,0.591,0.913
24,0.817,0.648,0.986
25,0.845,0.669,1.013
26,0.854,0.677,1.017
27,0.901,0.716,1.079
28,0.882,0.705,1.051
29,0.901,0.722,1.07
30,0.939,0.751,1.116
31,0.92,0.74,1.098
32,0.911,0.73,1.098
33,0.929,0.742,1.11
34,0.986,0.798,1.174
35,0.948,0.769,1.131
36,0.939,0.751,1.125
37,0.929,0.742,1.117
38,0.939,0.748,1.136
39,0.957,0.767,1.155
40,0.948,0.76,1.144
41,0.939,0.751,1.135
42,0.967,0.771,1.173
43,0.957,0.771,1.154
44,0.929,0.751,1.125
45,0.939,0.769,1.135
46,0.92,0.749,1.109
47,0.911,0.732,1.091
48,0.882,0.715,1.063
49,0.864,0.696,1.04
50,0.854,0.686,1.03
51,0.826,0.657,0.995
52,0.817,0.655,0.995
53,0.817,0.656,0.994
54,0.798,0.639,0.979
55,0.817,0.656,1.0
56,0.817,0.647,0.996
57,0.817,0.648,0.995
58,0.789,0.629,0.968
59,0.826,0.658,1.012
60,0.817,0.648,0.987
61,0.798,0.638,0.968
62,0.779,0.619,0.948
63,0.826,0.666,1.006
64,0.845,0.677,1.023
65,0.826,0.666,1.011
66,0.845,0.685,1.023
67,0.854,0.694,1.039
68,0.854,0.694,1.034
69,0.892,0.723,1.079
70,0.911,0.75,1.1
71,0.911,0.732,1.1
72,0.892,0.723,1.089
73,0.948,0.771,1.147
74,0.976,0.797,1.174
75,0.948,0.761,1.147
76,0.986,0.807,1.186
77,1.014,0.834,1.223
78,0.986,0.806,1.182
79,0.92,0.752,1.109
80,0.92,0.75,1.107
81,0.92,0.752,1.107
82,0.864,0.694,1.05
83,0.882,0.712,1.068
84,0.892,0.732,1.072
85,0.873,0.712,1.05
86,0.854,0.694,1.024
87,0.882,0.713,1.059
88,0.892,0.722,1.069
89,0.957,0.788,1.139
90,0.92,0.76,1.11
91,0.864,0.702,1.044
92,0.911,0.749,1.097
93,0.911,0.739,1.098
94,0.873,0.704,1.053
95,0.835,0.658,1.014
96,0.807,0.648,0.994
97,0.817,0.657,0.986
98,0.826,0.666,1.003
99,0.845,0.675,1.026
100,0.854,0.686,1.033
101,0.864,0.695,1.043
102,0.817,0.647,0.994
103,0.873,0.686,1.06
104,0.835,0.658,1.023
105,0.864,0.694,1.053
106,0.873,0.696,1.067
107,0.882,0.705,1.071
108,0.892,0.705,1.08
109,0.854,0.684,1.034
110,0.864,0.685,1.053
111,0.882,0.704,1.07
112,0.882,0.705,1.071
113,0.864,0.687,1.051
114,0.807,0.639,0.995
115,0.798,0.638,0.975
116,0.779,0.611,0.957
117,0.789,0.63,0.977
118,0.779,0.61,0.966
119,0.789,0.62,0.968
120,0.817,0.648,0.997
121,0.864,0.686,1.051
122,0.864,0.685,1.054
123,0.835,0.657,1.022
124,0.864,0.686,1.043
125,0.911,0.732,1.091
126,0.901,0.722,1.081
127,0.892,0.713,1.078
128,0.854,0.677,1.032
129,0.789,0.619,0.959
130,0.779,0.611,0.948
131,0.789,0.636,0.966
132,0.789,0.638,0.965
133,0.798,0.637,0.974
134,0.817,0.648,0.996
135,0.845,0.675,1.032
136,0.854,0.677,1.042
137,0.864,0.695,1.05
138,0.873,0.703,1.068
139,0.882,0.715,1.071
140,0.873,0.704,1.069
141,0.854,0.686,1.052
142,0.807,0.647,0.995
143,0.798,0.631,0.97
144,0.779,0.619,0.959
145,0.817,0.646,0.995
146,0.807,0.629,0.987
147,0.798,0.621,0.976
148,0.817,0.646,0.995
149,0.826,0.648,0.995
150,0.835,0.658,1.006
151,0.845,0.675,1.022
152,0.854,0.684,1.032
153,0.901,0.723,1.081
154,0.929,0.751,1.102
155,0.92,0.742,1.089
156,0.939,0.769,1.117
157,0.957,0.78,1.135
158,0.957,0.788,1.134
159,0.986,0.808,1.165
160,1.023,0.844,1.209
161,1.042,0.863,1.23
162,1.033,0.855,1.222
163,1.014,0.843,1.192
164,1.061,0.874,1.248
165,1.07,0.882,1.267
166,1.061,0.882,1.254
167,1.023,0.845,1.205
168,1.023,0.835,1.203
169,1.08,0.891,1.267
170,1.051,0.863,1.237
171,1.042,0.854,1.23
172,0.995,0.816,1.175
173,1.023,0.838,1.203
174,0.995,0.825,1.176
175,1.004,0.825,1.191
176,0.957,0.786,1.133
177,0.948,0.771,1.118
178,0.929,0.752,1.106
179,0.957,0.78,1.129
180,0.911,0.743,1.089
181,0.892,0.723,1.073
182,0.873,0.712,1.044
183,0.892,0.722,1.072
184,0.892,0.722,1.07
185,0.92,0.741,1.091
186,0.92,0.743,1.09
187,0.967,0.789,1.147
188,0.957,0.78,1.145
189,0.929,0.743,1.117
190,0.948,0.76,1.136
191,0.976,0.788,1.17
192,0.967,0.78,1.174
193,0.967,0.791,1.181
194,0.967,0.789,1.163
195,0.976,0.799,1.176
196,0.911,0.741,1.11
197,0.939,0.758,1.133
198,0.948,0.762,1.144
199,1.014,0.826,1.211
200,1.033,0.845,1.229
201,1.033,0.844,1.229
202,1.023,0.834,1.212
203,0.995,0.815,1.184
204,0.995,0.808,1.183
205,0.986,0.806,1.183
206,0.957,0.787,1.154
207,0.986,0.807,1.174
208,1.014,0.834,1.219
209,1.023,0.842,1.228
210,0.986,0.806,1.181
211,0.995,0.806,1.19
212,1.014,0.826,1.203
213,1.014,0.826,1.209
214,0.995,0.807,1.182
215,1.014,0.818,1.204
216,0.995,0.816,1.2
217,0.976,0.799,1.173
218,0.957,0.78,1.155
219,0.929,0.751,1.126
220,0.901,0.731,1.089
221,0.92,0.742,1.117
222,0.92,0.748,1.108
223,0.911,0.723,1.099
224,0.939,0.759,1.136
225,0.948,0.761,1.145
226,0.976,0.788,1.173
227,0.957,0.776,1.154
228,0.957,0.779,1.151
229,0.882,0.712,1.063
230,0.892,0.72,1.08
231,0.854,0.686,1.035
232,0.873,0.705,1.044
233,0.882,0.713,1.061
234,0.864,0.703,1.044
235,0.835,0.684,1.022
236,0.826,0.667,0.997
237,0.826,0.668,1.006
238,0.835,0.668,1.015
239,0.826,0.657,1.005
240,0.845,0.676,1.024
241,0.845,0.678,1.024
242,0.901,0.733,1.083
243,0.957,0.787,1.145
244,0.948,0.77,1.144
245,0.948,0.77,1.137
246,0.939,0.753,1.135
247,0.939,0.761,1.127
248,0.929,0.751,1.116
249,0.92,0.751,1.108
250,0.911,0.734,1.105
251,0.892,0.723,1.08
252,0.892,0.723,1.089
253,0.873,0.712,1.064
254,0.854,0.694,1.043
255,0.864,0.704,1.053
256,0.854,0.695,1.041
257,0.826,0.667,1.013
258,0.864,0.695,1.059
259,0.892,0.715,1.083
260,0.835,0.656,1.011
261,0.845,0.667,1.024
262,0.817,0.648,0.989
263,0.807,0.639,0.985
264,0.817,0.657,0.988
265,0.817,0.657,0.988
266,0.826,0.658,1.001
267,0.817,0.647,0.985
268,0.817,0.648,0.993
269,0.798,0.63,0.967
270,0.807,0.647,0.968
271,0.807,0.646,0.975
272,0.798,0.628,0.967
273,0.798,0.628,0.966
274,0.807,0.637,0.968
275,0.798,0.629,0.958
276,0.807,0.639,0.983
277,0.807,0.639,0.976
278,0.807,0.63,0.985
279,0.817,0.647,0.986
280,0.789,0.619,0.948
281,0.789,0.629,0.957
282,0.789,0.62,0.957
283,0.798,0.621,0.975
284,0.779,0.61,0.965
285,0.826,0.656,1.007
286,0.835,0.667,1.026
287,0.835,0.659,1.024
288,0.817,0.647,1.002
289,0.845,0.667,1.032
290,0.854,0.676,1.034
291,0.873,0.696,1.059
292,0.864,0.694,1.049
293,0.845,0.667,1.024
294,0.835,0.658,1.015
295,0.892,0.715,1.082
296,0.882,0.712,1.073
297,0.854,0.686,1.042
298,0.882,0.712,1.062
299,0.873,0.704,1.053
300,0.901,0.731,1.091
301,0.929,0.751,1.126
302,0.892,0.722,1.086
303,0.901,0.732,1.089
304,0.901,0.733,1.096
305,0.864,0.703,1.061
306,0.864,0.702,1.051
307,0.845,0.676,1.034
308,0.873,0.704,1.072
309,0.864,0.695,1.062
310,0.826,0.667,1.016
311,0.817,0.657,1.011
312,0.826,0.664,1.014
313,0.826,0.657,1.013
314,0.807,0.638,0.985
315,0.779,0.619,0.95
316,0.798,0.638,0.985
317,0.77,0.619,0.949
318,0.77,0.61,0.948
319,0.807,0.657,0.983
320,0.807,0.647,0.985
321,0.779,0.621,0.956
322,0.779,0.628,0.94
323,0.817,0.648,0.993
324,0.845,0.676,1.015
325,0.835,0.667,1.013
326,0.845,0.677,1.023
327,0.873,0.704,1.052
328,0.873,0.712,1.05
329,0.873,0.704,1.041
330,0.892,0.722,1.077
331,0.854,0.685,1.023
332,0.854,0.677,1.025
333,0.882,0.703,1.054
334,0.892,0.721,1.069
335,0.882,0.713,1.058
336,0.92,0.742,1.107
337,0.901,0.723,1.08
338,0.892,0.714,1.072
339,0.92,0.732,1.117
340,0.929,0.751,1.119
341,0.911,0.74,1.099
342,0.929,0.751,1.116
343,0.939,0.751,1.118
344,0.92,0.732,1.097
345,0.892,0.722,1.061
346,0.835,0.665,0.995
347,0.845,0.675,1.014
348,0.77,0.61,0.938
349,0.779,0.62,0.949
350,0.77,0.602,0.93
351,0.789,0.628,0.968
352,0.76,0.602,0.937
353,0.779,0.62,0.959
354,0.742,0.59,0.92
355,0.751,0.593,0.92
356,0.751,0.591,0.919
357,0.779,0.619,0.949
358,0.76,0.592,0.931
359,0.723,0.563,0.884
360,0.704,0.552,0.873
361,0.713,0.555,0.883
362,0.704,0.553,0.872
363,0.76,0.592,0.93
364,0.77,0.608,0.938
365,0.751,0.583,0.912
366,0.76,0.601,0.929
367,0.751,0.59,0.919
368,0.742,0.584,0.911
369,0.732,0.581,0.9
370,0.732,0.572,0.9
371,0.779,0.611,0.958
372,0.807,0.645,0.992
373,0.826,0.656,1.004
374,0.817,0.647,0.993
375,0.826,0.648,1.005
376,0.835,0.667,1.021
377,0.845,0.667,1.029
378,0.864,0.687,1.05
379,0.882,0.704,1.078
380,0.911,0.74,1.106
381,0.948,0.778,1.143
382,0.986,0.815,1.183
383,0.957,0.799,1.156
384,0.911,0.752,1.099
385,0.948,0.788,1.137
386,0.929,0.76,1.117
387,0.92,0.759,1.109
388,0.911,0.741,1.1
389,0.892,0.723,1.081
390,0.892,0.731,1.071
391,0.864,0.704,1.036
392,0.892,0.731,1.079
393,0.882,0.723,1.062
394,0.826,0.667,0.998
395,0.826,0.667,0.993
396,0.798,0.649,0.966
397,0.798,0.647,0.968
398,0.779,0.628,0.946
399,0.76,0.609,0.922
400,0.732,0.583,0.891
401,0.751,0.601,0.911
402,0.732,0.584,0.899
403,0.723,0.572,0.89
404,0.751,0.6,0.92
405,0.76,0.609,0.928
406,0.76,0.602,0.932
407,0.789,0.638,0.96
408,0.789,0.629,0.957
409,0.779,0.629,0.958
410,0.723,0.581,0.891
411,0.77,0.62,0.95
412,0.77,0.628,0.948
413,0.742,0.6,0.919
414,0.76,0.611,0.936
415,0.77,0.62,0.941
416,0.845,0.704,1.024
417,0.864,0.715,1.051
418,0.882,0.733,1.07
419,0.864,0.714,1.049
420,0.854,0.705,1.034
421,0.835,0.684,1.004
422,0.882,0.722,1.07
423,0.873,0.705,1.052
424,0.892,0.724,1.071
425,0.864,0.695,1.051
426,0.948,0.778,1.138
427,0.957,0.789,1.152
428,0.976,0.807,1.173
429,0.957,0.79,1.164
430,0.939,0.77,1.135
431,0.967,0.788,1.166
432,0.986,0.808,1.193
433,0.967,0.788,1.17
434,0.939,0.762,1.137
435,0.967,0.782,1.172
436,0.92,0.739,1.118
437,0.929,0.744,1.133
438,0.892,0.706,1.096
439,0.864,0.676,1.044
440,0.864,0.684,1.04
441,0.835,0.656,1.021
442,0.817,0.648,0.986
443,0.826,0.666,1.007
444,0.789,0.628,0.968
445,0.779,0.609,0.949
446,0.798,0.628,0.975
447,0.798,0.628,0.977
448,0.732,0.571,0.9
449,0.751,0.591,0.911
450,0.751,0.592,0.92
451,0.732,0.582,0.892
452,0.742,0.591,0.902
453,0.704,0.554,0.855
454,0.713,0.554,0.866
455,0.704,0.545,0.872
456,0.704,0.545,0.871
457,0.685,0.535,0.854
458,0.695,0.544,0.864
459,0.76,0.602,0.938
460,0.751,0.591,0.922
461,0.77,0.609,0.939
462,0.798,0.628,0.966
463,0.779,0.61,0.949
464,0.826,0.648,0.994
465,0.826,0.656,0.995
466,0.845,0.667,1.024
467,0.845,0.675,1.03
468,0.845,0.684,1.025
469,0.911,0.732,1.109
470,0.911,0.734,1.1
471,0.976,0.804,1.173
472,1.004,0.827,1.192
473,0.995,0.816,1.183
474,0.976,0.806,1.162
475,0.976,0.806,1.173
476,0.976,0.814,1.173
477,1.004,0.834,1.205
478,1.042,0.863,1.247
479,1.042,0.86,1.239
480,1.042,0.864,1.246
481,1.004,0.824,1.209
482,0.986,0.815,1.185
483,0.995,0.817,1.199
484,0.967,0.795,1.16
485,0.957,0.788,1.146
486,0.967,0.791,1.156
487,0.948,0.771,1.127
488,0.948,0.779,1.135
489,0.911,0.742,1.09
490,0.873,0.705,1.059
491,0.901,0.732,1.085
492,0.882,0.706,1.062
493,0.882,0.714,1.072
494,0.854,0.685,1.041
495,0.807,0.648,0.995
496,0.779,0.62,0.957
497,0.751,0.592,0.928
498,0.789,0.637,0.966
499,0.807,0.646,0.975
500,0.807,0.647,0.974
501,0.835,0.674,1.003
502,0.817,0.646,0.975
503,0.826,0.656,0.986
504,0.807,0.638,0.967
505,0.817,0.649,0.968
506,0.807,0.648,0.967
507,0.789,0.629,0.949
508,0.807,0.647,0.968
509,0.845,0.676,1.012
510,0.845,0.683,1.012
511,0.854,0.685,1.024
512,0.864,0.693,1.034
513,0.826,0.647,0.995
514,0.789,0.611,0.947
515,0.817,0.639,0.985
516,0.817,0.64,0.995
517,0.798,0.629,0.976
518,0.826,0.664,1.004
519,0.807,0.638,0.986
520,0.817,0.639,0.996
521,0.798,0.628,0.976
522,0.76,0.591,0.939
523,0.779,0.609,0.957
524,0.779,0.601,0.946
525,0.826,0.648,1.012
526,0.845,0.667,1.034
527,0.864,0.685,1.059
528,0.864,0.684,1.052
529,0.864,0.685,1.05
530,0.892,0.705,1.08
531,0.873,0.695,1.043
532,0.892,0.705,1.081
533,0.911,0.722,1.098
534,0.929,0.734,1.116
535,1.004,0.818,1.202
536,1.023,0.835,1.222
537,1.004,0.817,1.208
538,1.033,0.845,1.232
539,1.033,0.847,1.236
540,0.995,0.816,1.199
541,0.995,0.809,1.201
542,1.004,0.825,1.211
543,1.004,0.826,1.201
544,0.995,0.824,1.192
545,0.948,0.77,1.133
546,0.976,0.789,1.164
547,0.957,0.768,1.145
548,0.901,0.72,1.076
549,0.892,0.712,1.062
550,0.92,0.74,1.1
551,0.911,0.732,1.088
552,0.892,0.714,1.062
553,0.892,0.723,1.071
554,0.901,0.731,1.078
555,0.892,0.73,1.07
556,0.882,0.713,1.061
557,0.901,0.731,1.081
558,0.873,0.704,1.051
559,0.873,0.702,1.052
560,0.864,0.694,1.039
561,0.835,0.666,1.011
562,0.798,0.629,0.968
563,0.779,0.611,0.942
564,0.789,0.61,0.96
565,0.789,0.619,0.96
566,0.807,0.638,0.976
567,0.892,0.713,1.071
568,0.901,0.729,1.081
569,0.864,0.693,1.044
570,0.864,0.685,1.045
571,0.864,0.693,1.044
572,0.864,0.695,1.041
573,0.882,0.713,1.069
574,0.901,0.723,1.088
575,0.911,0.732,1.089
576,0.892,0.722,1.072
577,0.864,0.694,1.041
578,0.873,0.695,1.045
579,0.892,0.714,1.068
580,0.911,0.733,1.096
581,0.911,0.741,1.098
582,0.901,0.733,1.079
583,0.957,0.781,1.137
584,0.929,0.76,1.108
585,0.957,0.78,1.145
586,1.004,0.826,1.194
587,0.995,0.814,1.185
588,0.986,0.808,1.173
589,1.004,0.826,1.209
590,1.014,0.836,1.221
591,0.976,0.798,1.173
592,0.976,0.79,1.172
593,0.957,0.78,1.153
594,0.929,0.751,1.126
595,0.911,0.734,1.108
596,0.882,0.72,1.07
597,0.892,0.722,1.079
598,0.845,0.685,1.031
599,0.826,0.658,1.014
600,0.901,0.731,1.097
601,0.892,0.714,1.081
602,0.911,0.732,1.091
603,0.873,0.703,1.059
604,0.864,0.686,1.042
605,0.817,0.646,0.996
606,0.789,0.619,0.965
607,0.798,0.629,0.968
608,0.817,0.647,0.987
609,0.807,0.639,0.986
610,0.789,0.619,0.958
611,0.779,0.619,0.948
612,0.779,0.611,0.95
613,0.732,0.58,0.901
614,0.732,0.573,0.885
615,0.76,0.6,0.921
616,0.76,0.599,0.918
617,0.77,0.61,0.937
618,0.817,0.649,0.986
619,0.798,0.638,0.964
620,0.798,0.638,0.969
621,0.807,0.647,0.976
622,0.76,0.608,0.931
623,0.798,0.638,0.969
624,0.76,0.61,0.937
625,0.798,0.64,0.976
626,0.779,0.618,0.949
627,0.76,0.601,0.938
628,0.77,0.61,0.939
629,0.807,0.639,0.979
630,0.826,0.658,1.002
631,0.845,0.684,1.022
632,0.826,0.657,1.004
633,0.807,0.638,0.986
634,0.826,0.664,0.997
635,0.835,0.675,1.016
636,0.817,0.657,0.995
637,0.835,0.677,1.023
638,0.826,0.665,1.004
639,0.826,0.657,0.997
640,0.826,0.657,0.996
641,0.854,0.685,1.025
642,0.826,0.658,0.995
643,0.92,0.752,1.108
644,0.92,0.752,1.118
645,0.882,0.731,1.053
646,0.873,0.713,1.051
647,0.882,0.714,1.051
648,0.882,0.712,1.058
649,0.901,0.732,1.072
650,0.92,0.75,1.099
651,0.929,0.76,1.11
652,0.892,0.724,1.068
653,0.892,0.724,1.063
654,0.939,0.77,1.118
655,0.911,0.742,1.092
656,0.957,0.788,1.139
657,0.939,0.762,1.12
658,0.957,0.779,1.143
659,0.929,0.759,1.111
660,0.911,0.734,1.09
661,0.948,0.771,1.127
662,0.948,0.762,1.134
663,0.939,0.76,1.117
664,0.948,0.761,1.129
665,0.957,0.778,1.144
666,0.967,0.788,1.155
667,0.957,0.78,1.144
668,0.901,0.721,1.088
669,0.873,0.703,1.052
670,0.892,0.721,1.072
671,0.901,0.724,1.081
672,0.892,0.724,1.069
673,0.92,0.741,1.108
674,0.911,0.732,1.1
675,0.901,0.722,1.088
676,0.911,0.741,1.092
677,0.873,0.695,1.052
678,0.873,0.703,1.06
679,0.864,0.686,1.043
680,0.845,0.675,1.018
681,0.835,0.667,1.014
682,0.845,0.677,1.015
683,0.854,0.694,1.033
684,0.845,0.686,1.023
685,0.854,0.694,1.034
686,0.854,0.693,1.032
687,0.873,0.712,1.053
688,0.845,0.677,1.031
689,0.892,0.723,1.078
690,0.873,0.704,1.055
691,0.845,0.676,1.024
692,0.798,0.637,0.984
693,0.807,0.64,0.985
694,0.807,0.647,0.977
695,0.789,0.628,0.959
696,0.779,0.619,0.949
697,0.742,0.583,0.911
698,0.704,0.562,0.873
699,0.695,0.553,0.856
700,0.713,0.572,0.881
701,0.685,0.545,0.844
702,0.695,0.545,0.855
703,0.685,0.534,0.845
704,0.695,0.544,0.853
705,0.685,0.535,0.846
706,0.657,0.507,0.817
707,0.676,0.525,0.836
708,0.666,0.508,0.826
709,0.685,0.526,0.838
710,0.676,0.525,0.835
711,0.657,0.499,0.816
712,0.638,0.489,0.789
713,0.704,0.544,0.873
714,0.713,0.553,0.891
715,0.713,0.554,0.891
716,0.713,0.554,0.892
717,0.732,0.573,0.911
718,0.742,0.582,0.923
719,0.723,0.554,0.894
720,0.751,0.584,0.928
721,0.732,0.563,0.9
722,0.76,0.59,0.946
723,0.742,0.572,0.92
724,0.779,0.599,0.956
725,0.779,0.601,0.95
726,0.77,0.599,0.94
727,0.77,0.591,0.941
728,0.77,0.591,0.938
729,0.76,0.582,0.938
730,0.704,0.543,0.874
731,0.751,0.59,0.92
732,0.723,0.563,0.891
733,0.751,0.591,0.92
734,0.751,0.591,0.912
735,0.779,0.618,0.946
736,0.807,0.647,0.979
737,0.789,0.627,0.959
738,0.742,0.583,0.911
739,0.713,0.555,0.873
740,0.732,0.572,0.894
741,0.742,0.581,0.91
742,0.751,0.59,0.919
743,0.742,0.582,0.902
744,0.742,0.581,0.902
745,0.77,0.6,0.93
746,0.723,0.563,0.891
747,0.685,0.526,0.844
748,0.657,0.498,0.8
749,0.676,0.517,0.826
750,0.695,0.536,0.853
751,0.751,0.591,0.911
752,0.77,0.6,0.939
753,0.751,0.583,0.922
754,0.742,0.581,0.911
755,0.723,0.563,0.883
756,0.723,0.563,0.883
757,0.676,0.526,0.836
758,0.676,0.534,0.836
759,0.676,0.526,0.837
760,0.657,0.515,0.825
761,0.657,0.516,0.817
762,0.666,0.526,0.826
763,0.704,0.563,0.866
764,0.695,0.553,0.855
765,0.713,0.564,0.883
766,0.732,0.581,0.901
767,0.751,0.592,0.928
768,0.76,0.602,0.93
769,0.751,0.593,0.919
770,0.76,0.601,0.931
771,0.77,0.602,0.948
772,0.77,0.601,0.949
773,0.789,0.628,0.968
774,0.779,0.609,0.958
775,0.789,0.619,0.967
776,0.77,0.61,0.949
777,0.723,0.564,0.883
778,0.704,0.544,0.864
779,0.723,0.554,0.883
780,0.704,0.536,0.855
781,0.732,0.563,0.899
782,0.77,0.6,0.931
783,0.789,0.62,0.956
784,0.798,0.629,0.966
785,0.76,0.601,0.931
786,0.807,0.647,0.978
787,0.835,0.668,1.013
788,0.826,0.664,1.004
789,0.826,0.656,1.006
790,0.845,0.678,1.025
791,0.911,0.733,1.109
792,0.929,0.76,1.125
793,0.892,0.723,1.071
794,0.845,0.676,1.03
795,0.835,0.683,1.014
796,0.873,0.712,1.062
797,0.864,0.714,1.052
798,0.92,0.759,1.118
799,0.939,0.77,1.134
800,0.929,0.769,1.118
801,0.939,0.769,1.12
802,0.929,0.753,1.108
803,0.957,0.78,1.147
804,0.957,0.788,1.146
805,0.929,0.761,1.126
806,0.967,0.798,1.164
807,0.976,0.798,1.174
808,0.948,0.77,1.145
809,0.92,0.743,1.108
810,0.901,0.724,1.089
811,0.901,0.731,1.091
812,0.882,0.715,1.07
813,0.873,0.706,1.061
814,0.873,0.703,1.061
815,0.882,0.713,1.069
816,0.882,0.704,1.061
817,0.835,0.666,1.014
818,0.817,0.657,0.994
819,0.835,0.676,1.018
820,0.807,0.649,0.996
821,0.789,0.63,0.974
822,0.798,0.63,0.984
823,0.835,0.666,1.024
824,0.826,0.664,1.013
825,0.798,0.638,0.977
826,0.826,0.666,1.003
827,0.817,0.656,0.994
828,0.826,0.666,1.005
829,0.779,0.628,0.948
830,0.77,0.601,0.941
831,0.751,0.6,0.91
832,0.77,0.61,0.932
833,0.779,0.62,0.939
834,0.77,0.611,0.93
835,0.779,0.619,0.941
836,0.779,0.611,0.949
837,0.77,0.6,0.941
838,0.789,0.619,0.957
839,0.789,0.628,0.967
840,0.807,0.639,0.984
841,0.798,0.64,0.968
842,0.826,0.659,0.996
843,0.864,0.702,1.043
844,0.882,0.721,1.061
845,0.92,0.75,1.107
846,0.901,0.732,1.088
847,0.929,0.752,1.125
848,0.948,0.77,1.14
849,0.939,0.76,1.135
850,0.948,0.77,1.135
851,0.939,0.761,1.123
852,0.948,0.77,1.142
853,0.939,0.767,1.12
854,0.957,0.779,1.145
855,0.939,0.761,1.124
856,0.929,0.76,1.108
857,0.948,0.767,1.126
858,0.939,0.76,1.117
859,0.939,0.761,1.116
860,0.948,0.769,1.134
861,0.939,0.761,1.119
862,0.92,0.743,1.096
863,0.92,0.742,1.098
864,0.911,0.725,1.096
865,0.911,0.732,1.098
866,0.92,0.743,1.107
867,0.882,0.714,1.069
868,0.911,0.732,1.089
869,0.882,0.696,1.06
870,0.873,0.686,1.05
871,0.892,0.713,1.077
872,0.864,0.695,1.051
873,0.835,0.667,1.014
874,0.845,0.667,1.024
875,0.826,0.656,1.012
876,0.807,0.639,0.979
877,0.826,0.658,1.004
878,0.826,0.657,1.004
879,0.817,0.64,0.996
880,0.835,0.666,1.023
881,0.854,0.676,1.047
882,0.845,0.668,1.033
883,0.835,0.667,1.021
884,0.854,0.677,1.041
885,0.864,0.676,1.051
886,0.864,0.686,1.043
887,0.854,0.676,1.025
888,0.873,0.696,1.053
889,0.854,0.675,1.034
890,0.826,0.648,1.006
891,0.798,0.628,0.968
892,0.789,0.619,0.959
893,0.779,0.617,0.958
894,0.77,0.61,0.941
895,0.76,0.6,0.932
896,0.77,0.611,0.939
897,0.835,0.677,1.007
898,0.817,0.666,0.996
899,0.826,0.657,0.995
900,0.826,0.666,0.996
901,0.892,0.715,1.064
902,0.957,0.779,1.138
903,0.901,0.731,1.082
904,0.892,0.714,1.072
905,0.892,0.714,1.072
906,0.892,0.714,1.072
907,0.864,0.686,1.034
908,0.854,0.676,1.023
909,0.817,0.639,0.977
910,0.826,0.655,0.994
911,0.826,0.648,0.995
912,0.835,0.657,1.012
913,0.864,0.693,1.043
914,0.854,0.677,1.041
915,0.892,0.713,1.08
916,0.892,0.705,1.063
917,0.929,0.743,1.116
918,0.929,0.743,1.117
919,0.901,0.723,1.073
920,0.835,0.666,1.013
921,0.864,0.693,1.05
922,0.873,0.693,1.051
923,0.845,0.667,1.023
924,0.817,0.64,0.994
925,0.789,0.62,0.966
926,0.798,0.629,0.969
927,0.835,0.658,1.013
928,0.798,0.63,0.974
929,0.845,0.676,1.031
930,0.835,0.666,1.013
931,0.835,0.674,1.015
932,0.807,0.647,0.986
933,0.845,0.684,1.024
934,0.835,0.676,1.013
935,0.807,0.649,0.977
936,0.817,0.649,0.995
937,0.835,0.667,1.013
938,0.882,0.704,1.062
939,0.864,0.693,1.048
940,0.845,0.685,1.025
941,0.835,0.676,1.006
942,0.798,0.638,0.975
943,0.789,0.621,0.966
944,0.779,0.618,0.956
945,0.76,0.601,0.93
946,0.77,0.61,0.937
947,0.779,0.627,0.939
948,0.76,0.601,0.929
949,0.77,0.619,0.939
950,0.789,0.636,0.951
951,0.751,0.592,0.902
952,0.732,0.581,0.892
953,0.751,0.6,0.911
954,0.77,0.61,0.931
955,0.77,0.619,0.938
956,0.76,0.61,0.922
957,0.76,0.611,0.927
958,0.76,0.609,0.92
959,0.835,0.675,1.002
960,0.826,0.667,0.987
961,0.77,0.618,0.922
962,0.789,0.63,0.947
963,0.817,0.648,0.977
964,0.807,0.647,0.969
965,0.807,0.647,0.975
966,0.789,0.63,0.956
967,0.835,0.675,1.005
968,0.864,0.705,1.034
969,0.882,0.721,1.058
970,0.892,0.722,1.071
971,0.892,0.724,1.07
972,0.892,0.724,1.061
973,0.911,0.741,1.089
974,0.911,0.741,1.089
975,0.92,0.743,1.108
976,0.939,0.762,1.124
977,0.901,0.73,1.08
978,0.835,0.675,1.015
979,0.789,0.628,0.965
980,0.798,0.63,0.968
981,0.798,0.637,0.976
982,0.807,0.638,0.985
983,0.807,0.647,0.979
984,0.798,0.629,0.968
985,0.779,0.61,0.951
986,0.798,0.628,0.976
987,0.779,0.61,0.957
988,0.789,0.61,0.967
989,0.807,0.639,0.977
990,0.826,0.657,1.003
991,0.76,0.593,0.929
992,0.77,0.608,0.939
993,0.723,0.556,0.892
994,0.723,0.562,0.892
995,0.723,0.563,0.891
996,0.742,0.582,0.91
997,0.751,0.583,0.917
998,0.76,0.592,0.929
999,0.77,0.6,0.938
1000,0.742,0.574,0.903
1001,0.723,0.564,0.883
1002,0.76,0.601,0.93
1003,0.77,0.609,0.941
1004,0.817,0.648,0.995
1005,0.873,0.694,1.052
1006,0.901,0.73,1.08
1007,0.873,0.696,1.045
1008,0.901,0.723,1.088
1009,0.882,0.713,1.062
1010,0.864,0.697,1.034
1011,0.873,0.703,1.043
1012,0.873,0.702,1.042
1013,0.873,0.704,1.033
1014,0.873,0.703,1.044
1015,0.864,0.693,1.039
1016,0.826,0.655,0.996
1017,0.864,0.694,1.034
1018,0.873,0.703,1.042
1019,0.882,0.712,1.051
1020,0.882,0.705,1.043
1021,0.911,0.732,1.088
1022,0.929,0.749,1.1
1023,0.929,0.751,1.11
1024,0.967,0.789,1.155
1025,0.976,0.797,1.171
1026,0.986,0.799,1.177
1027,0.929,0.761,1.107
1028,0.882,0.705,1.05
1029,0.854,0.676,1.025
1030,0.845,0.676,1.016
1031,0.873,0.696,1.043
1032,0.882,0.713,1.052
1033,0.901,0.723,1.079
1034,0.901,0.724,1.079
1035,0.957,0.781,1.136
1036,0.986,0.808,1.19
1037,0.986,0.807,1.174
1038,0.976,0.796,1.171
1039,0.995,0.816,1.19
1040,0.976,0.799,1.172
1041,0.957,0.779,1.137
1042,0.967,0.79,1.153
1043,0.948,0.77,1.127
1044,0.901,0.723,1.079
1045,0.873,0.705,1.05
1046,0.911,0.74,1.089
1047,0.929,0.76,1.107
1048,0.967,0.788,1.155
1049,0.957,0.78,1.134
1050,0.957,0.78,1.138
1051,0.901,0.733,1.079
1052,0.892,0.732,1.088
1053,0.882,0.726,1.079
1054,0.864,0.704,1.042
1055,0.835,0.667,1.016
1056,0.854,0.694,1.04
1057,0.854,0.685,1.041
1058,0.854,0.694,1.032
1059,0.864,0.694,1.033
1060,0.882,0.713,1.053
1061,0.873,0.704,1.045
1062,0.864,0.695,1.042
1063,0.873,0.704,1.051
1064,0.873,0.703,1.042
1065,0.911,0.724,1.089
1066,0.892,0.712,1.07
1067,0.892,0.713,1.062
1068,0.939,0.76,1.126
1069,0.967,0.788,1.155
1070,0.929,0.75,1.111
1071,0.967,0.779,1.147
1072,0.957,0.778,1.154
1073,0.986,0.79,1.164
1074,0.995,0.807,1.183
1075,1.014,0.825,1.211
1076,1.014,0.835,1.201
1077,0.976,0.787,1.165
1078,0.995,0.807,1.184
1079,0.995,0.799,1.182
1080,1.033,0.828,1.221
1081,1.014,0.816,1.21
1082,1.033,0.826,1.222
1083,1.023,0.825,1.219
1084,1.023,0.827,1.221
1085,1.023,0.827,1.213
1086,0.92,0.742,1.099
1087,0.957,0.787,1.146
1088,0.957,0.788,1.145
1089,0.948,0.77,1.127
1090,0.957,0.778,1.137
1091,0.957,0.78,1.147
1092,0.957,0.778,1.156
1093,0.957,0.779,1.146
1094,0.911,0.733,1.109
1095,0.873,0.696,1.052
1096,0.873,0.704,1.06
1097,0.892,0.712,1.079
1098,0.892,0.713,1.077
1099,0.864,0.693,1.052
1100,0.854,0.684,1.034
1101,0.845,0.675,1.024
1102,0.845,0.667,1.03
1103,0.901,0.723,1.088
1104,0.911,0.731,1.099
1105,0.92,0.74,1.117
1106,0.92,0.741,1.117
1107,0.92,0.732,1.106
1108,0.957,0.779,1.155
1109,0.986,0.799,1.183
1110,0.939,0.76,1.137
1111,0.939,0.76,1.134
1112,0.92,0.742,1.11
1113,0.901,0.724,1.089
1114,0.892,0.713,1.083
1115,0.854,0.675,1.033
1116,0.882,0.702,1.069
1117,0.892,0.706,1.072
1118,0.911,0.731,1.098
1119,0.901,0.724,1.081
1120,0.929,0.749,1.118
1121,0.929,0.742,1.12
1122,0.892,0.713,1.087
1123,0.882,0.695,1.077
1124,0.873,0.703,1.053
1125,0.882,0.712,1.069
1126,0.892,0.712,1.081
1127,0.892,0.713,1.089
1128,0.892,0.714,1.078
1129,0.864,0.693,1.035
1130,0.873,0.695,1.049
1131,0.901,0.723,1.081
1132,0.929,0.759,1.113
1133,0.911,0.74,1.105
1134,0.911,0.741,1.099
1135,0.882,0.713,1.072
1136,0.854,0.685,1.041
1137,0.864,0.692,1.044
1138,0.892,0.713,1.071
1139,0.892,0.723,1.088
1140,0.92,0.748,1.118
1141,0.864,0.703,1.06
1142,0.817,0.666,0.994
1143,0.835,0.675,1.013
1144,0.873,0.713,1.054
1145,0.873,0.714,1.054
1146,0.901,0.723,1.08
1147,0.939,0.752,1.121
1148,0.948,0.769,1.136
1149,0.92,0.74,1.107
1150,0.967,0.779,1.157
1151,0.957,0.777,1.157
1152,0.929,0.751,1.118
1153,0.929,0.759,1.115
1154,0.995,0.816,1.195
1155,1.004,0.825,1.194
1156,1.033,0.845,1.236
1157,1.033,0.852,1.231
1158,1.014,0.826,1.211
1159,1.014,0.824,1.213
1160,1.023,0.828,1.221
1161,1.042,0.853,1.251
1162,1.051,0.872,1.255
1163,1.042,0.862,1.237
1164,1.051,0.863,1.248
1165,1.07,0.882,1.276
1166,1.051,0.866,1.248
1167,1.004,0.827,1.2
1168,1.014,0.835,1.202
1169,0.976,0.806,1.158
1170,0.948,0.77,1.133
1171,0.929,0.76,1.108
1172,0.939,0.761,1.119
1173,0.939,0.759,1.119
1174,0.929,0.751,1.109
1175,0.948,0.76,1.129
1176,0.986,0.8,1.176
1177,0.939,0.762,1.129
1178,0.911,0.742,1.09
1179,0.901,0.734,1.08
1180,0.882,0.722,1.061
1181,0.892,0.724,1.073
1182,0.845,0.677,1.025
1183,0.845,0.675,1.031
1184,0.864,0.695,1.06
1185,0.835,0.657,1.025
1186,0.77,0.593,0.948
1187,0.742,0.573,0.912
1188,0.77,0.609,0.948
1189,0.798,0.638,0.983
1190,0.817,0.649,1.003
1191,0.845,0.675,1.023
1192,0.873,0.702,1.053
1193,0.901,0.731,1.087
1194,0.901,0.724,1.08
1195,0.92,0.743,1.097
1196,0.939,0.761,1.119
1197,0.939,0.75,1.115
1198,0.892,0.715,1.072
1199,0.854,0.677,1.033
1200,0.807,0.639,0.975
1201,0.807,0.648,0.977
1202,0.798,0.64,0.968
1203,0.798,0.638,0.975
1204,0.789,0.629,0.957
1205,0.835,0.667,1.002
1206,0.854,0.685,1.022
1207,0.882,0.704,1.042
1208,0.892,0.705,1.06
1209,0.92,0.739,1.089
1210,0.911,0.738,1.079
1211,0.882,0.712,1.05
1212,0.892,0.723,1.059
1213,0.901,0.738,1.072
1214,0.892,0.724,1.061
1215,0.864,0.695,1.031
1216,0.817,0.665,0.977
1217,0.798,0.639,0.959
1218,0.798,0.638,0.957
1219,0.798,0.641,0.957
1220,0.807,0.657,0.96
1221,0.77,0.618,0.93
1222,0.798,0.646,0.967
1223,0.835,0.685,1.011
1224,0.798,0.645,0.967
1225,0.798,0.648,0.969
1226,0.798,0.647,0.968
1227,0.76,0.611,0.919
1228,0.789,0.629,0.957
1229,0.817,0.658,0.985
1230,0.789,0.638,0.959
1231,0.77,0.611,0.938
1232,0.723,0.571,0.891
1233,0.685,0.527,0.837
1234,0.666,0.516,0.826
1235,0.704,0.545,0.862
1236,0.704,0.544,0.863
1237,0.732,0.571,0.901
1238,0.751,0.574,0.92
1239,0.76,0.598,0.92
1240,0.76,0.584,0.931
1241,0.817,0.638,0.997
1242,0.835,0.649,1.023
1243,0.845,0.668,1.031
1244,0.882,0.704,1.07
1245,0.892,0.713,1.081
1246,0.882,0.704,1.07
1247,0.845,0.667,1.031
1248,0.854,0.676,1.041
1249,0.845,0.667,1.031
1250,0.835,0.666,1.016
1251,0.817,0.647,0.995
1252,0.826,0.659,1.004
1253,0.845,0.674,1.014
1254,0.892,0.713,1.069
1255,0.911,0.732,1.104
1256,0.92,0.733,1.117
1257,0.948,0.761,1.155
1258,0.976,0.798,1.181
1259,0.995,0.809,1.185
1260,0.986,0.807,1.184
1261,0.948,0.778,1.134
1262,0.911,0.742,1.086
1263,0.939,0.762,1.118
1264,0.957,0.78,1.153
1265,0.901,0.73,1.087
1266,0.882,0.713,1.062
1267,0.864,0.693,1.042
1268,0.873,0.703,1.061
1269,0.854,0.684,1.043
1270,0.892,0.713,1.089
1271,0.864,0.685,1.062
1272,0.845,0.675,1.024
1273,0.873,0.703,1.054
1274,0.901,0.723,1.088
1275,0.901,0.721,1.089
1276,0.892,0.722,1.077
1277,0.882,0.714,1.063
1278,0.873,0.703,1.063
1279,0.854,0.677,1.041
1280,0.835,0.665,1.021
1281,0.854,0.677,1.042
1282,0.892,0.723,1.081
1283,0.901,0.731,1.09
1284,0.873,0.694,1.061
1285,0.873,0.695,1.069
1286,0.864,0.686,1.045
1287,0.892,0.704,1.081
1288,0.911,0.731,1.107
1289,0.882,0.712,1.071
1290,0.92,0.75,1.117
1291,0.929,0.761,1.134
1292,0.948,0.771,1.144
1293,0.957,0.787,1.166
1294,0.911,0.733,1.107
1295,0.929,0.768,1.128
1296,0.901,0.725,1.09
1297,0.929,0.759,1.136
1298,0.92,0.742,1.109
1299,0.911,0.732,1.099
1300,0.892,0.722,1.08
1301,0.882,0.713,1.062
1302,0.892,0.714,1.061
1303,0.892,0.713,1.068
1304,0.864,0.692,1.04
1305,0.845,0.686,1.016
1306,0.817,0.657,0.986
1307,0.873,0.712,1.042
1308,0.864,0.704,1.031
1309,0.873,0.713,1.042
1310,0.892,0.723,1.062
1311,0.892,0.722,1.068
1312,0.92,0.739,1.1
1313,0.92,0.734,1.1
1314,0.957,0.769,1.147
1315,0.92,0.741,1.101
1316,0.882,0.704,1.061
1317,0.892,0.714,1.077
1318,0.892,0.713,1.079
1319,0.873,0.695,1.05
1320,0.901,0.721,1.081
1321,0.948,0.761,1.134
1322,0.976,0.788,1.167
1323,1.042,0.836,1.238
1324,1.061,0.855,1.249
1325,1.014,0.816,1.203
1326,1.023,0.826,1.212
1327,1.004,0.818,1.202
1328,0.986,0.798,1.184
1329,0.976,0.787,1.174
1330,0.986,0.798,1.192
1331,0.995,0.816,1.193
1332,1.014,0.826,1.21
1333,0.995,0.806,1.184
1334,0.995,0.806,1.184
1335,1.051,0.863,1.248
1336,1.07,0.874,1.268
1337,1.051,0.864,1.25
1338,1.042,0.854,1.242
1339,1.042,0.853,1.241
1340,1.089,0.892,1.281
1341,1.089,0.884,1.287
1342,1.098,0.9,1.297
1343,1.108,0.902,1.307
1344,1.07,0.874,1.267
1345,1.061,0.866,1.262
1346,1.051,0.864,1.251
1347,1.051,0.862,1.258
1348,1.042,0.845,1.236
1349,1.051,0.855,1.249
1350,1.117,0.93,1.327
1351,1.145,0.947,1.359
1352,1.117,0.92,1.324
1353,1.136,0.938,1.346
1354,1.098,0.908,1.3
1355,1.098,0.911,1.305
1356,1.098,0.921,1.312
1357,1.061,0.883,1.26
1358,1.042,0.865,1.239
1359,1.033,0.856,1.218
1360,0.995,0.824,1.174
1361,0.986,0.818,1.166
1362,1.014,0.845,1.211
1363,0.976,0.807,1.162
1364,0.929,0.769,1.128
1365,0.948,0.779,1.135
1366,0.986,0.818,1.18
1367,1.004,0.828,1.193
1368,1.033,0.854,1.228
1369,1.033,0.854,1.222
1370,1.004,0.827,1.191
1371,0.986,0.816,1.173
1372,0.976,0.807,1.172
1373,0.967,0.791,1.156
1374,1.004,0.818,1.201
1375,0.986,0.808,1.18
1376,0.976,0.8,1.172
1377,0.948,0.78,1.147
1378,0.948,0.771,1.134
1379,0.939,0.772,1.127
1380,0.911,0.749,1.091
1381,0.873,0.704,1.05
1382,0.807,0.648,0.986
1383,0.845,0.684,1.033
1384,0.864,0.696,1.05
1385,0.835,0.668,1.012
1386,0.817,0.656,0.994
1387,0.76,0.609,0.927
1388,0.77,0.619,0.939
1389,0.76,0.61,0.922
1390,0.76,0.609,0.912
1391,0.789,0.629,0.957
1392,0.807,0.647,0.979
1393,0.779,0.619,0.948
1394,0.789,0.621,0.956
1395,0.789,0.62,0.951
1396,0.798,0.62,0.967
1397,0.789,0.611,0.958
1398,0.835,0.657,1.014
1399,0.854,0.666,1.034
1400,0.854,0.675,1.032
1401,0.864,0.684,1.034
1402,0.873,0.684,1.043
1403,0.873,0.685,1.051
1404,0.892,0.705,1.07
1405,0.911,0.732,1.097
1406,0.892,0.715,1.071
1407,0.939,0.75,1.117
1408,0.92,0.741,1.105
1409,0.948,0.759,1.128
1410,0.929,0.743,1.108
1411,0.957,0.77,1.139
1412,0.986,0.789,1.176
1413,0.976,0.78,1.174
1414,0.948,0.758,1.137
1415,0.948,0.751,1.145
1416,0.911,0.724,1.095
1417,0.929,0.741,1.118
1418,0.929,0.742,1.126
1419,0.92,0.74,1.108
1420,0.901,0.723,1.081
1421,0.911,0.731,1.096
1422,0.892,0.706,1.081
1423,0.835,0.664,1.02
1424,0.826,0.649,1.006
1425,0.826,0.658,1.014
1426,0.789,0.628,0.978
1427,0.779,0.617,0.965
1428,0.789,0.63,0.96
1429,0.751,0.59,0.928
1430,0.779,0.618,0.954
1431,0.77,0.601,0.938
1432,0.77,0.61,0.94
1433,0.77,0.61,0.948
1434,0.751,0.59,0.929
1435,0.732,0.582,0.903
1436,0.742,0.591,0.912
1437,0.723,0.573,0.89
1438,0.723,0.572,0.883
1439,0.77,0.61,0.938
1440,0.789,0.628,0.956
1441,0.742,0.59,0.902
1442,0.76,0.601,0.911
1443,0.807,0.648,0.975
1444,0.826,0.667,0.989
1445,0.864,0.702,1.033
1446,0.854,0.694,1.025
1447,0.892,0.731,1.068
1448,0.901,0.741,1.071
1449,0.901,0.732,1.089
1450,0.882,0.714,1.068
1451,0.92,0.741,1.108
1452,0.948,0.761,1.145
1453,0.948,0.769,1.136
1454,0.967,0.779,1.153
1455,0.967,0.779,1.136
1456,0.986,0.799,1.165
1457,1.033,0.844,1.219
1458,1.014,0.818,1.203
1459,1.004,0.815,1.191
1460,1.042,0.845,1.233
1461,1.033,0.835,1.232
1462,1.07,0.873,1.27
1463,1.061,0.865,1.267
1464,1.098,0.901,1.306
1465,1.108,0.902,1.308
1466,1.126,0.929,1.332
1467,1.117,0.92,1.324
1468,1.126,0.939,1.331
1469,1.183,0.985,1.397
1470,1.126,0.947,1.333
1471,1.07,0.892,1.281
1472,1.08,0.899,1.278
1473,1.098,0.921,1.299
1474,1.117,0.939,1.323
1475,1.108,0.929,1.315
1476,1.136,0.949,1.34
1477,1.08,0.895,1.278
1478,1.098,0.919,1.307
1479,1.08,0.894,1.284
1480,1.033,0.846,1.237
1481,1.023,0.836,1.23
1482,1.042,0.851,1.247
1483,1.098,0.903,1.315
1484,1.098,0.911,1.312
1485,1.117,0.921,1.325
1486,1.108,0.911,1.324
1487,1.051,0.854,1.257
1488,1.023,0.835,1.222
1489,1.023,0.834,1.229
1490,1.042,0.854,1.247
1491,1.051,0.854,1.255
1492,1.051,0.854,1.256
1493,1.089,0.901,1.297
1494,1.136,0.931,1.361
1495,1.07,0.882,1.284
1496,1.051,0.864,1.249
1497,1.08,0.884,1.289
1498,1.08,0.89,1.28
1499,1.051,0.863,1.259
1500,1.061,0.866,1.262
1501,1.042,0.845,1.229
1502,1.07,0.866,1.268
1503,1.098,0.893,1.296
1504,1.08,0.882,1.286
1505,1.089,0.892,1.295
1506,1.126,0.928,1.334
1507,1.098,0.902,1.306
1508,1.061,0.866,1.258
1509,1.07,0.884,1.268
1510,1.126,0.94,1.332
1511,1.155,0.968,1.353
1512,1.173,0.984,1.381
1513,1.145,0.956,1.344
1514,1.145,0.955,1.349
1515,1.136,0.938,1.338
1516,1.117,0.929,1.322
1517,1.07,0.88,1.259
1518,1.098,0.903,1.302
1519,1.126,0.938,1.321
1520,1.098,0.91,1.294
1521,1.089,0.901,1.287
1522,1.061,0.871,1.259
1523,1.061,0.873,1.257
1524,1.042,0.863,1.24
1525,1.033,0.854,1.229
1526,1.023,0.844,1.209
1527,1.042,0.854,1.22
1528,1.014,0.826,1.191
1529,1.023,0.834,1.202
1530,1.042,0.852,1.228
1531,1.014,0.817,1.202
1532,1.014,0.827,1.203
1533,0.986,0.798,1.173
1534,0.957,0.769,1.138
1535,0.939,0.759,1.119
1536,0.92,0.741,1.1
1537,0.957,0.779,1.132
1538,0.976,0.798,1.161
1539,0.986,0.8,1.166
1540,1.004,0.827,1.182
1541,0.957,0.779,1.133
1542,0.976,0.797,1.162
1543,1.014,0.827,1.194
1544,1.014,0.827,1.192
1545,0.995,0.807,1.182
1546,1.004,0.817,1.184
1547,1.014,0.826,1.201
1548,1.042,0.853,1.238
1549,1.051,0.862,1.248
1550,1.08,0.883,1.285
1551,1.117,0.921,1.324
1552,1.061,0.865,1.258
1553,1.051,0.847,1.246
1554,1.023,0.818,1.211
1555,1.033,0.835,1.222
1556,1.07,0.863,1.265
1557,1.07,0.856,1.26
1558,1.042,0.818,1.233
1559,1.07,0.853,1.265
1560,1.061,0.845,1.258
1561,1.08,0.872,1.275
1562,1.098,0.882,1.295
1563,1.126,0.912,1.331
1564,1.08,0.89,1.277
1565,1.089,0.892,1.297
1566,1.051,0.872,1.248
1567,1.08,0.892,1.286
1568,1.051,0.864,1.251
1569,1.061,0.874,1.259
1570,0.995,0.808,1.19
1571,1.014,0.826,1.21
1572,1.014,0.818,1.214
1573,0.976,0.789,1.167
1574,0.967,0.78,1.156
1575,0.976,0.78,1.174
1576,0.948,0.768,1.144
1577,0.986,0.806,1.18
1578,0.939,0.77,1.128
1579,0.986,0.798,1.175
1580,0.957,0.777,1.144
1581,0.957,0.779,1.137
1582,0.976,0.789,1.165
1583,0.995,0.805,1.192
1584,1.004,0.824,1.2
1585,0.976,0.797,1.164
1586,0.986,0.806,1.174
1587,1.014,0.829,1.21
1588,1.033,0.844,1.223
1589,0.986,0.806,1.182
1590,0.957,0.787,1.147
1591,0.948,0.769,1.144
1592,0.939,0.76,1.125
1593,0.929,0.751,1.126
1594,0.901,0.731,1.088
1595,0.911,0.733,1.098
1596,0.986,0.804,1.173
1597,0.995,0.814,1.194
1598,0.995,0.817,1.193
1599,1.023,0.844,1.228
1600,1.042,0.863,1.248
1601,1.08,0.884,1.285
1602,1.07,0.872,1.269
1603,1.051,0.864,1.249
1604,1.07,0.881,1.266
1605,1.089,0.892,1.278
1606,1.07,0.881,1.256
1607,1.051,0.864,1.24
1608,1.061,0.88,1.248
1609,1.033,0.853,1.222
1610,0.986,0.808,1.175
1611,1.033,0.854,1.231
1612,1.08,0.892,1.287
1613,1.051,0.873,1.249
1614,1.051,0.863,1.243
1615,1.023,0.835,1.21
1616,1.014,0.835,1.2
1617,1.023,0.843,1.219
1618,0.995,0.817,1.183
1619,0.986,0.801,1.171
1620,0.986,0.806,1.175
1621,1.004,0.816,1.182
1622,1.023,0.834,1.204
1623,1.014,0.824,1.192
1624,0.986,0.797,1.174
1625,0.967,0.779,1.16
1626,0.939,0.752,1.127
1627,0.948,0.768,1.138
1628,0.948,0.769,1.135
1629,0.901,0.723,1.086
1630,0.967,0.787,1.154
1631,0.986,0.807,1.164
1632,0.967,0.781,1.153
1633,0.948,0.76,1.133
1634,0.976,0.79,1.165
1635,1.004,0.817,1.184
1636,1.033,0.836,1.218
1637,0.976,0.789,1.155
1638,0.967,0.779,1.145
1639,0.967,0.779,1.148
1640,0.976,0.787,1.157
1641,0.967,0.769,1.153
1642,1.004,0.816,1.192
1643,1.042,0.845,1.236
1644,1.061,0.863,1.251
1645,1.061,0.864,1.25
1646,1.042,0.845,1.242
1647,1.051,0.863,1.259
1648,1.042,0.854,1.248
1649,1.023,0.844,1.221
1650,1.061,0.882,1.269
1651,1.098,0.919,1.314
1652,1.126,0.94,1.351
1653,1.08,0.903,1.296
1654,1.089,0.911,1.307
1655,1.07,0.9,1.268
1656,1.042,0.873,1.247
1657,1.051,0.885,1.249
1658,1.023,0.853,1.211
1659,1.033,0.864,1.229
1660,1.042,0.875,1.238
1661,1.033,0.864,1.23
1662,1.033,0.863,1.231
1663,1.098,0.913,1.304
1664,1.07,0.89,1.269
1665,1.098,0.911,1.297
1666,1.117,0.93,1.32
1667,1.136,0.947,1.341
1668,1.136,0.939,1.346
1669,1.136,0.939,1.35
1670,1.164,0.957,1.379
1671,1.136,0.941,1.351
1672,1.108,0.912,1.322
1673,1.08,0.89,1.288
1674,1.108,0.912,1.321
1675,1.098,0.904,1.305
1676,1.136,0.946,1.341
1677,1.155,0.958,1.37
1678,1.145,0.947,1.36
1679,1.117,0.928,1.324
1680,1.098,0.902,1.305
1681,1.098,0.919,1.305
1682,1.07,0.883,1.275
1683,1.173,0.978,1.401
1684,1.164,0.975,1.378
1685,1.145,0.956,1.352
1686,1.173,0.977,1.379
1687,1.192,0.992,1.4
1688,1.173,0.977,1.381
1689,1.202,0.996,1.416
1690,1.173,0.968,1.389
1691,1.23,1.023,1.462
1692,1.202,0.996,1.418
1693,1.202,1.004,1.418
1694,1.249,1.041,1.473
1695,1.277,1.071,1.494
1696,1.22,1.012,1.436
1697,1.211,1.012,1.424
1698,1.211,1.013,1.436
1699,1.211,1.02,1.424
1700,1.23,1.019,1.437
1701,1.192,0.985,1.408
1702,1.202,0.993,1.417
1703,1.202,0.996,1.409
1704,1.202,0.988,1.401
1705,1.164,0.95,1.364
1706,1.183,0.978,1.372
1707,1.183,0.985,1.394
1708,1.145,0.949,1.355
1709,1.173,0.986,1.382
1710,1.145,0.956,1.347
1711,1.183,0.976,1.389
1712,1.164,0.95,1.372
1713,1.126,0.922,1.325
1714,1.183,0.976,1.383
1715,1.164,0.959,1.36
1716,1.136,0.93,1.332
1717,1.164,0.966,1.372
1718,1.164,0.949,1.379
1719,1.126,0.92,1.336
1720,1.108,0.903,1.311
1721,1.108,0.911,1.307
1722,1.126,0.927,1.333
1723,1.164,0.965,1.37
1724,1.192,0.985,1.402
1725,1.173,0.967,1.382
1726,1.164,0.955,1.37
1727,1.202,0.993,1.414
1728,1.173,0.966,1.38
1729,1.22,1.014,1.427
1730,1.239,1.033,1.455
1731,1.239,1.032,1.446
1732,1.267,1.061,1.493
1733,1.239,1.032,1.447
1734,1.249,1.034,1.456
1735,1.286,1.07,1.493
1736,1.23,1.023,1.425
1737,1.202,0.993,1.392
1738,1.173,0.973,1.367
1739,1.192,0.987,1.382
1740,1.192,0.995,1.379
1741,1.155,0.965,1.343
1742,1.136,0.939,1.324
1743,1.155,0.948,1.333
1744,1.211,0.997,1.39
1745,1.202,0.996,1.396
1746,1.23,1.023,1.426
1747,1.22,1.005,1.416
1748,1.239,1.032,1.429
1749,1.267,1.059,1.464
1750,1.258,1.049,1.455
1751,1.305,1.09,1.495
1752,1.295,1.079,1.489
1753,1.314,1.097,1.522
1754,1.277,1.052,1.486
1755,1.267,1.042,1.475
1756,1.324,1.097,1.541
1757,1.295,1.071,1.519
1758,1.249,1.023,1.457
1759,1.239,1.015,1.454
1760,1.211,0.996,1.425
1761,1.211,0.996,1.425
1762,1.258,1.032,1.467
1763,1.295,1.069,1.511
1764,1.324,1.094,1.548
1765,1.314,1.089,1.54
1766,1.267,1.05,1.493
1767,1.249,1.039,1.474
1768,1.202,0.988,1.417
1769,1.202,0.997,1.408
1770,1.202,0.989,1.407
1771,1.23,1.019,1.45
1772,1.22,1.021,1.426
1773,1.258,1.059,1.475
1774,1.249,1.05,1.463
1775,1.305,1.098,1.519
1776,1.333,1.119,1.55
1777,1.286,1.079,1.504
1778,1.314,1.108,1.545
1779,1.342,1.137,1.574
1780,1.361,1.149,1.595
1781,1.352,1.147,1.585
1782,1.305,1.1,1.536
1783,1.267,1.069,1.484
1784,1.258,1.051,1.468
1785,1.249,1.041,1.461
1786,1.277,1.069,1.493
1787,1.342,1.124,1.567
1788,1.352,1.132,1.575
1789,1.295,1.088,1.52
1790,1.314,1.107,1.55
1791,1.352,1.134,1.588
1792,1.371,1.143,1.601
1793,1.352,1.132,1.577
1794,1.342,1.117,1.571
1795,1.38,1.162,1.615
1796,1.371,1.154,1.598
1797,1.389,1.166,1.625
1798,1.389,1.173,1.62
1799,1.324,1.109,1.559
1800,1.352,1.127,1.593
1801,1.352,1.127,1.595
1802,1.324,1.101,1.565
1803,1.267,1.042,1.501
1804,1.249,1.029,1.483
1805,1.286,1.068,1.513
1806,1.249,1.026,1.466
1807,1.249,1.034,1.475
1808,1.295,1.078,1.522
1809,1.305,1.088,1.531
1810,1.314,1.099,1.551
1811,1.314,1.09,1.547
1812,1.333,1.116,1.56
1813,1.324,1.108,1.56
1814,1.314,1.107,1.543
1815,1.314,1.097,1.539
1816,1.267,1.059,1.484
1817,1.286,1.078,1.502
1818,1.305,1.09,1.521
1819,1.324,1.106,1.546
1820,1.295,1.088,1.516
1821,1.239,1.039,1.437
1822,1.249,1.042,1.451
1823,1.211,1.013,1.417
1824,1.267,1.068,1.465
1825,1.295,1.098,1.507
1826,1.342,1.144,1.546
1827,1.38,1.176,1.596
1828,1.352,1.146,1.573
1829,1.295,1.105,1.504
1830,1.258,1.069,1.471
1831,1.286,1.09,1.501
1832,1.305,1.108,1.514
1833,1.352,1.153,1.578
1834,1.342,1.135,1.558
1835,1.361,1.153,1.594
1836,1.371,1.163,1.588
1837,1.399,1.182,1.614
1838,1.399,1.181,1.619
1839,1.38,1.173,1.606
1840,1.361,1.146,1.584
1841,1.361,1.154,1.577
1842,1.333,1.12,1.551
1843,1.399,1.184,1.616
1844,1.446,1.222,1.67
1845,1.54,1.305,1.775
1846,1.54,1.309,1.771
1847,1.558,1.334,1.803
1848,1.586,1.361,1.83
1849,1.54,1.316,1.781
1850,1.53,1.304,1.774
1851,1.53,1.304,1.767
1852,1.577,1.346,1.815
1853,1.577,1.362,1.821
1854,1.596,1.381,1.837
1855,1.596,1.38,1.83
1856,1.596,1.372,1.824
1857,1.577,1.353,1.809
1858,1.577,1.353,1.812
1859,1.596,1.37,1.828
1860,1.549,1.316,1.783
1861,1.483,1.258,1.71
1862,1.53,1.304,1.764
1863,1.54,1.314,1.776
1864,1.568,1.344,1.801
1865,1.511,1.276,1.756
1866,1.605,1.37,1.857
1867,1.662,1.423,1.899
1868,1.624,1.388,1.852
1869,1.671,1.435,1.91
1870,1.727,1.478,1.972
1871,1.774,1.529,2.03
1872,1.784,1.535,2.044
1873,1.699,1.474,1.954
1874,1.737,1.51,1.994
1875,1.784,1.545,2.047
1876,1.765,1.532,2.026
1877,1.746,1.506,1.999
1878,1.746,1.508,1.998
1879,1.727,1.484,1.987
1880,1.727,1.49,1.99
1881,1.708,1.466,1.974
1882,1.662,1.429,1.927
1883,1.662,1.419,1.925
1884,1.633,1.396,1.897
1885,1.708,1.462,1.969
1886,1.746,1.495,2.001
1887,1.737,1.492,1.996
1888,1.708,1.471,1.968
1889,1.699,1.454,1.953
1890,1.671,1.435,1.916
1891,1.624,1.374,1.88
1892,1.624,1.381,1.872
1893,1.615,1.365,1.866
1894,1.596,1.344,1.832
1895,1.577,1.335,1.814
1896,1.586,1.333,1.815
1897,1.568,1.322,1.805
1898,1.53,1.287,1.76
1899,1.483,1.248,1.711
1900,1.483,1.252,1.707
1901,1.483,1.256,1.714
1902,1.474,1.257,1.698
1903,1.474,1.255,1.696
1904,1.464,1.248,1.687
1905,1.446,1.23,1.673
1906,1.474,1.25,1.707
1907,1.502,1.293,1.747
1908,1.521,1.297,1.756
1909,1.521,1.296,1.764
1910,1.474,1.257,1.708
1911,1.455,1.238,1.697
1912,1.446,1.228,1.671
1913,1.474,1.265,1.713
1914,1.511,1.305,1.76
1915,1.53,1.329,1.775
1916,1.54,1.339,1.79
1917,1.53,1.332,1.786
1918,1.521,1.315,1.765
1919,1.53,1.316,1.775
1920,1.521,1.306,1.765
1921,1.464,1.26,1.691
1922,1.502,1.297,1.74
1923,1.502,1.294,1.741
1924,1.511,1.297,1.761
1925,1.53,1.313,1.763
1926,1.502,1.286,1.734
1927,1.502,1.286,1.729
1928,1.53,1.306,1.767
1929,1.549,1.329,1.785
1930,1.624,1.401,1.866
1931,1.652,1.418,1.896
1932,1.662,1.439,1.898
1933,1.68,1.464,1.914
1934,1.699,1.467,1.932
1935,1.671,1.437,1.904
1936,1.643,1.416,1.876
1937,1.68,1.444,1.918
1938,1.652,1.424,1.902
1939,1.643,1.408,1.898
1940,1.633,1.406,1.872
1941,1.662,1.424,1.924
1942,1.633,1.399,1.86
1943,1.68,1.438,1.916
1944,1.708,1.464,1.937
1945,1.727,1.492,1.968
1946,1.68,1.462,1.916
1947,1.746,1.522,1.99
1948,1.746,1.519,1.992
1949,1.802,1.566,2.043
1950,1.793,1.557,2.038
1951,1.755,1.512,1.998
1952,1.793,1.562,2.041
1953,1.802,1.56,2.05
1954,1.877,1.632,2.141
1955,1.906,1.65,2.161
1956,1.849,1.604,2.11
1957,1.831,1.575,2.082
1958,1.774,1.529,2.03
1959,1.849,1.597,2.12
1960,1.737,1.492,1.989
1961,1.755,1.517,1.998
1962,1.774,1.539,2.02
1963,1.831,1.58,2.095
1964,1.793,1.548,2.054
1965,1.812,1.56,2.074
1966,1.821,1.571,2.091
1967,1.849,1.597,2.115
1968,1.868,1.613,2.131
1969,1.812,1.56,2.091
1970,1.812,1.568,2.083
1971,1.755,1.51,2.017
1972,1.746,1.511,2.017
1973,1.727,1.498,1.988
1974,1.718,1.483,1.97
1975,1.774,1.542,2.023
1976,1.784,1.555,2.034
1977,1.793,1.568,2.053
1978,1.812,1.583,2.07
1979,1.812,1.574,2.076
1980,1.821,1.576,2.079
1981,1.784,1.541,2.032
1982,1.812,1.569,2.063
1983,1.755,1.522,1.989
1984,1.765,1.537,2.014
1985,1.727,1.502,1.969
1986,1.746,1.511,1.993
1987,1.774,1.531,2.026
1988,1.746,1.511,1.998
1989,1.727,1.484,1.97
1990,1.699,1.464,1.943
1991,1.746,1.502,1.99
1992,1.784,1.531,2.036
1993,1.784,1.529,2.026
1994,1.849,1.587,2.095
1995,1.906,1.647,2.168
1996,1.887,1.633,2.149
1997,1.915,1.679,2.187
1998,1.887,1.637,2.151
1999,1.877,1.643,2.143
2000,1.868,1.634,2.131
2001,1.915,1.681,2.192
2002,1.896,1.662,2.168
2003,1.953,1.709,2.215
2004,1.887,1.643,2.156
2005,1.906,1.662,2.177
2006,1.934,1.694,2.201
2007,1.896,1.664,2.163
2008,1.859,1.624,2.122
2009,1.821,1.581,2.079
2010,1.849,1.617,2.115
2011,1.802,1.559,2.083
2012,1.802,1.56,2.067
2013,1.727,1.481,1.981
2014,1.746,1.498,2.001
2015,1.746,1.501,2.0
2016,1.727,1.481,1.988
2017,1.755,1.491,2.029
2018,1.755,1.492,2.035
2019,1.793,1.539,2.06
2020,1.765,1.513,2.026
2021,1.737,1.475,2.0
2022,1.708,1.456,1.962
2023,1.662,1.419,1.907
2024,1.643,1.387,1.897
2025,1.643,1.396,1.887
2026,1.652,1.396,1.896
2027,1.662,1.417,1.906
2028,1.624,1.377,1.869
2029,1.643,1.387,1.896
2030,1.662,1.416,1.905
2031,1.633,1.388,1.888
2032,1.662,1.419,1.916
2033,1.708,1.463,1.972
2034,1.718,1.481,1.981
2035,1.68,1.446,1.936
2036,1.633,1.402,1.894
2037,1.652,1.41,1.902
2038,1.662,1.427,1.911
2039,1.671,1.428,1.93
2040,1.68,1.438,1.935
2041,1.69,1.451,1.953
2042,1.643,1.408,1.89
2043,1.624,1.392,1.87
2044,1.662,1.419,1.914
2045,1.699,1.448,1.945
2046,1.699,1.443,1.94
2047,1.718,1.463,1.962
2048,1.737,1.475,1.991
2049,1.708,1.454,1.958
2050,1.662,1.408,1.906
2051,1.652,1.407,1.9
2052,1.699,1.447,1.962
2053,1.765,1.516,2.034
2054,1.755,1.51,2.029
2055,1.755,1.512,2.018
2056,1.802,1.566,2.059
2057,1.859,1.626,2.141
2058,1.849,1.618,2.116
2059,1.887,1.654,2.162
2060,1.831,1.595,2.104
2061,1.774,1.546,2.038
2062,1.821,1.586,2.076
2063,1.84,1.613,2.115
2064,1.802,1.556,2.059
2065,1.802,1.565,2.056
2066,1.84,1.602,2.088
2067,1.859,1.623,2.114
2068,1.877,1.634,2.138
2069,1.924,1.679,2.193
2070,1.999,1.758,2.273
2071,1.953,1.713,2.225
2072,1.887,1.642,2.155
2073,1.868,1.613,2.143
2074,1.831,1.586,2.086
2075,1.877,1.633,2.143
2076,1.859,1.626,2.135
2077,1.896,1.652,2.171
2078,1.953,1.707,2.236
2079,1.962,1.715,2.243
2080,1.962,1.703,2.246
2081,1.953,1.711,2.211
2082,1.887,1.652,2.147
2083,1.849,1.614,2.115
2084,1.84,1.597,2.091
2085,1.812,1.558,2.063
2086,1.784,1.527,2.036
2087,1.812,1.558,2.066
2088,1.812,1.549,2.071
2089,1.84,1.586,2.105
2090,1.906,1.658,2.182
2091,1.924,1.667,2.207
2092,1.877,1.624,2.151
2093,1.896,1.653,2.169
2094,1.868,1.62,2.142
2095,1.962,1.707,2.239
2096,1.859,1.621,2.123
2097,1.812,1.575,2.082
2098,1.793,1.566,2.054
2099,1.765,1.531,2.027
2100,1.802,1.568,2.077
2101,1.746,1.518,2.009
2102,1.662,1.427,1.916
2103,1.643,1.417,1.889
2104,1.652,1.427,1.915
2105,1.671,1.433,1.94
2106,1.737,1.5,2.002
2107,1.774,1.536,2.054
2108,1.755,1.513,2.03
2109,1.755,1.51,2.033
2110,1.708,1.469,1.983
2111,1.737,1.501,2.017
2112,1.718,1.494,1.985
2113,1.662,1.433,1.915
2114,1.633,1.408,1.888
2115,1.605,1.387,1.848
2116,1.577,1.362,1.822
2117,1.652,1.42,1.912
2118,1.643,1.416,1.9
2119,1.671,1.439,1.938
2120,1.633,1.401,1.897
2121,1.615,1.379,1.863
2122,1.586,1.352,1.828
2123,1.596,1.359,1.839
2124,1.521,1.296,1.764
2125,1.568,1.342,1.806
2126,1.615,1.391,1.86
2127,1.586,1.362,1.832
2128,1.596,1.374,1.827
2129,1.558,1.341,1.805
2130,1.568,1.347,1.815
2131,1.568,1.351,1.806
2132,1.53,1.315,1.77
2133,1.521,1.296,1.755
2134,1.549,1.322,1.781
2135,1.511,1.287,1.747
2136,1.568,1.332,1.806
2137,1.521,1.294,1.753
2138,1.521,1.294,1.763
2139,1.511,1.287,1.744
2140,1.502,1.275,1.739
2141,1.474,1.251,1.701
2142,1.436,1.202,1.669
2143,1.474,1.248,1.712
2144,1.446,1.21,1.678
2145,1.464,1.221,1.697
2146,1.408,1.175,1.635
2147,1.38,1.144,1.594
2148,1.352,1.119,1.575
2149,1.371,1.163,1.588
2150,1.371,1.163,1.593
2151,1.352,1.134,1.564
2152,1.352,1.128,1.559
2153,1.342,1.134,1.558
2154,1.305,1.097,1.52
2155,1.286,1.071,1.501
2156,1.277,1.07,1.495
2157,1.295,1.089,1.517
2158,1.286,1.082,1.511
2159,1.286,1.074,1.511
2160,1.277,1.061,1.501
2161,1.267,1.061,1.492
2162,1.202,0.995,1.419
2163,1.258,1.044,1.481
2164,1.286,1.072,1.498
2165,1.352,1.136,1.571
2166,1.342,1.133,1.562
2167,1.342,1.126,1.564
2168,1.324,1.102,1.543
2169,1.267,1.042,1.482
2170,1.258,1.051,1.468
2171,1.305,1.091,1.529
2172,1.267,1.059,1.485
2173,1.267,1.061,1.492
2174,1.267,1.059,1.492
2175,1.277,1.07,1.495
2176,1.324,1.117,1.551
2177,1.305,1.098,1.528
2178,1.305,1.089,1.533
2179,1.277,1.06,1.496
2180,1.314,1.095,1.538
2181,1.342,1.124,1.575
2182,1.361,1.127,1.595
2183,1.342,1.117,1.576
2184,1.342,1.117,1.581
2185,1.333,1.108,1.567
2186,1.333,1.106,1.558
2187,1.249,1.033,1.461
2188,1.202,0.993,1.426
2189,1.22,0.996,1.44
2190,1.239,1.024,1.454
2191,1.22,1.014,1.438
2192,1.155,0.94,1.359
2193,1.22,1.007,1.438
2194,1.202,0.985,1.42
2195,1.202,0.985,1.412
2196,1.239,1.041,1.455
2197,1.258,1.061,1.468
2198,1.286,1.087,1.501
2199,1.305,1.098,1.512
2200,1.295,1.094,1.515
2201,1.267,1.069,1.496
2202,1.22,1.023,1.428
2203,1.173,0.967,1.388
2204,1.126,0.929,1.324
2205,1.108,0.92,1.305
2206,1.089,0.9,1.288
2207,1.08,0.885,1.268
2208,1.061,0.869,1.257
2209,1.07,0.882,1.268
2210,1.051,0.863,1.248
2211,1.014,0.832,1.211
2212,1.014,0.829,1.212
2213,1.004,0.817,1.202
2214,1.042,0.846,1.239
2215,1.051,0.855,1.258
2216,1.033,0.846,1.222
2217,1.023,0.837,1.211
2218,1.042,0.853,1.239
2219,1.061,0.864,1.257
2220,1.033,0.844,1.222
2221,1.061,0.865,1.249
2222,1.089,0.892,1.287
2223,1.07,0.87,1.267
2224,1.042,0.855,1.241
2225,1.08,0.892,1.277
2226,1.098,0.908,1.296
2227,1.126,0.94,1.32
2228,1.136,0.948,1.333
2229,1.155,0.957,1.359
2230,1.164,0.967,1.362
2231,1.173,0.976,1.378
2232,1.164,0.965,1.368
2233,1.145,0.944,1.342
2234,1.145,0.947,1.342
2235,1.145,0.938,1.34
2236,1.183,0.976,1.389
2237,1.145,0.947,1.342
2238,1.126,0.927,1.314
2239,1.108,0.908,1.296
2240,1.126,0.928,1.321
2241,1.108,0.91,1.296
2242,1.145,0.949,1.333
2243,1.136,0.939,1.334
2244,1.164,0.968,1.362
2245,1.202,0.997,1.4
2246,1.183,0.978,1.379
2247,1.183,0.985,1.387
2248,1.164,0.968,1.37
2249,1.202,0.996,1.411
2250,1.211,1.012,1.42
2251,1.202,0.993,1.405
2252,1.192,0.985,1.408
2253,1.173,0.975,1.37
2254,1.173,0.961,1.37
2255,1.136,0.921,1.317
2256,1.136,0.927,1.325
2257,1.126,0.922,1.322
2258,1.183,0.985,1.391
2259,1.173,0.984,1.381
2260,1.183,0.988,1.392
2261,1.192,0.997,1.401
2262,1.211,1.014,1.425
2263,1.173,0.976,1.381
2264,1.192,0.995,1.401
2265,1.192,0.994,1.399
2266,1.22,1.024,1.447
2267,1.211,1.014,1.436
2268,1.23,1.023,1.458
2269,1.211,1.007,1.427
2270,1.145,0.967,1.342
2271,1.145,0.967,1.359
2272,1.183,0.996,1.397
2273,1.211,1.022,1.416
2274,1.192,1.003,1.405
2275,1.183,0.992,1.401
2276,1.145,0.955,1.351
2277,1.164,0.966,1.378
2278,1.183,0.985,1.382
2279,1.211,1.015,1.421
2280,1.202,1.013,1.407
2281,1.211,1.006,1.417
2282,1.211,1.007,1.408
2283,1.211,1.013,1.417
2284,1.22,1.012,1.435
2285,1.23,1.029,1.444
2286,1.183,0.979,1.405
2287,1.192,0.986,1.407
2288,1.183,0.975,1.388
2289,1.192,0.995,1.401
2290,1.164,0.974,1.364
2291,1.164,0.965,1.371
2292,1.173,0.959,1.367
2293,1.164,0.958,1.36
2294,1.126,0.93,1.332
2295,1.117,0.919,1.315
2296,1.126,0.921,1.332
2297,1.108,0.912,1.316
2298,1.089,0.9,1.286
2299,1.08,0.883,1.284
2300,1.08,0.875,1.278
2301,1.051,0.853,1.248
2302,1.033,0.835,1.231
2303,1.042,0.837,1.248
2304,1.014,0.817,1.219
2305,1.033,0.844,1.232
2306,1.033,0.826,1.229
2307,1.042,0.837,1.237
2308,1.023,0.815,1.22
2309,1.033,0.823,1.229
2310,1.023,0.818,1.219
2311,1.004,0.799,1.2
2312,0.995,0.788,1.192
2313,1.023,0.816,1.228
2314,0.986,0.79,1.181
2315,0.976,0.781,1.166
2316,1.004,0.816,1.2
2317,1.004,0.818,1.193
2318,0.995,0.816,1.191
2319,1.023,0.843,1.221
2320,1.004,0.817,1.2
2321,0.976,0.798,1.165
2322,0.939,0.768,1.117
2323,0.967,0.787,1.161
2324,1.033,0.838,1.237
2325,1.023,0.836,1.227
2326,1.014,0.826,1.222
2327,1.033,0.838,1.236
2328,1.08,0.873,1.287
2329,1.164,0.958,1.382
2330,1.173,0.967,1.387
2331,1.192,0.967,1.42
2332,1.183,0.968,1.402
2333,1.211,0.994,1.437
2334,1.239,1.021,1.452
2335,1.211,0.996,1.417
2336,1.173,0.966,1.379
2337,1.173,0.961,1.392
2338,1.126,0.919,1.341
2339,1.136,0.937,1.345
2340,1.183,0.97,1.404
2341,1.173,0.96,1.395
2342,1.22,1.003,1.442
2343,1.249,1.031,1.472
2344,1.267,1.051,1.497
2345,1.258,1.051,1.482
2346,1.295,1.079,1.518
2347,1.295,1.078,1.521
2348,1.267,1.06,1.485
2349,1.286,1.079,1.511
2350,1.295,1.081,1.53
2351,1.267,1.053,1.502
2352,1.277,1.059,1.51
2353,1.239,1.024,1.455
2354,1.22,1.014,1.426
2355,1.183,0.984,1.388
2356,1.155,0.958,1.371
2357,1.089,0.898,1.288
2358,1.117,0.918,1.316
2359,1.126,0.93,1.326
2360,1.089,0.9,1.289
2361,1.08,0.881,1.285
2362,1.033,0.843,1.231
2363,1.033,0.842,1.229
2364,1.051,0.856,1.25
2365,1.014,0.825,1.211
2366,1.014,0.817,1.212
2367,0.995,0.797,1.192
2368,1.004,0.816,1.209
2369,0.995,0.808,1.191
2370,0.976,0.797,1.167
2371,0.986,0.799,1.182
2372,0.976,0.789,1.173
2373,0.986,0.798,1.175
2374,1.014,0.835,1.213
2375,1.061,0.873,1.261
2376,1.051,0.865,1.25
2377,1.089,0.9,1.297
2378,1.07,0.883,1.268
2379,1.098,0.911,1.305
2380,1.117,0.931,1.329
2381,1.089,0.909,1.296
2382,1.061,0.881,1.268
2383,1.051,0.863,1.256
2384,1.014,0.827,1.219
2385,1.004,0.825,1.209
2386,1.023,0.845,1.23
2387,0.976,0.801,1.182
2388,1.061,0.874,1.274
2389,1.042,0.862,1.249
2390,1.023,0.836,1.22
2391,1.004,0.808,1.202
2392,0.939,0.759,1.136
2393,0.911,0.732,1.091
2394,0.92,0.741,1.108
2395,0.901,0.714,1.089
2396,0.967,0.78,1.162
2397,1.042,0.853,1.239
2398,1.033,0.844,1.229
2399,1.07,0.882,1.268
2400,1.07,0.876,1.266
2401,1.051,0.856,1.248
2402,1.07,0.881,1.271
2403,1.023,0.836,1.22
2404,1.098,0.912,1.305
2405,1.098,0.902,1.296
2406,1.098,0.902,1.296
2407,1.08,0.882,1.28
2408,1.07,0.873,1.269
2409,1.07,0.881,1.259
2410,1.014,0.825,1.202
2411,1.004,0.827,1.19
2412,0.995,0.817,1.175
2413,1.014,0.834,1.195
2414,1.042,0.862,1.231
2415,1.004,0.822,1.194
2416,1.08,0.893,1.277
2417,1.108,0.917,1.312
2418,1.136,0.928,1.341
2419,1.08,0.882,1.269
2420,1.117,0.92,1.316
2421,1.117,0.928,1.322
2422,1.098,0.909,1.304
2423,1.061,0.873,1.256
2424,1.098,0.912,1.301
2425,1.08,0.901,1.285
2426,1.051,0.854,1.251
2427,1.051,0.853,1.25
2428,1.051,0.855,1.248
2429,1.08,0.891,1.285
2430,1.07,0.884,1.269
2431,1.07,0.889,1.26
2432,1.108,0.92,1.305
2433,1.136,0.94,1.341
2434,1.117,0.928,1.316
2435,1.108,0.921,1.312
2436,1.145,0.946,1.361
2437,1.202,1.002,1.417
2438,1.22,1.015,1.445
2439,1.249,1.034,1.471
2440,1.239,1.032,1.473
2441,1.23,1.015,1.468
2442,1.211,1.006,1.443
2443,1.173,0.977,1.401
2444,1.173,0.976,1.407
2445,1.164,0.967,1.396
2446,1.183,0.978,1.414
2447,1.126,0.93,1.35
2448,1.136,0.941,1.353
2449,1.117,0.922,1.335
2450,1.126,0.931,1.344
2451,1.136,0.94,1.353
2452,1.098,0.911,1.331
2453,1.145,0.948,1.378
2454,1.098,0.918,1.321
2455,1.061,0.882,1.284
2456,1.098,0.92,1.325
2457,1.117,0.939,1.345
2458,1.108,0.93,1.341
2459,1.07,0.891,1.302
2460,1.033,0.853,1.258
2461,1.042,0.864,1.259
2462,1.014,0.844,1.228
2463,0.986,0.805,1.189
2464,0.948,0.767,1.145
2465,0.929,0.75,1.135
2466,0.976,0.798,1.175
2467,0.929,0.76,1.129
2468,0.957,0.787,1.158
2469,0.976,0.798,1.181
2470,0.976,0.798,1.178
2471,0.957,0.787,1.148
2472,0.929,0.749,1.112
2473,0.92,0.742,1.107
2474,0.967,0.797,1.165
2475,0.967,0.791,1.163
2476,1.042,0.863,1.247
2477,1.033,0.855,1.24
2478,1.023,0.837,1.236
2479,0.995,0.819,1.208
2480,1.061,0.882,1.26
2481,1.061,0.882,1.265
2482,1.033,0.853,1.238
2483,0.967,0.787,1.173
2484,0.967,0.786,1.163
2485,0.976,0.796,1.174
2486,0.995,0.8,1.184
2487,1.023,0.834,1.229
2488,1.014,0.815,1.22
2489,1.042,0.846,1.24
2490,1.07,0.883,1.252
2491,1.108,0.912,1.304
2492,1.07,0.882,1.26
2493,1.108,0.91,1.304
2494,1.061,0.864,1.26
2495,1.089,0.884,1.285
2496,1.117,0.911,1.322
2497,1.117,0.918,1.316
2498,1.117,0.91,1.314
2499,1.126,0.927,1.323
2500,1.155,0.95,1.351
2501,1.145,0.941,1.343
2502,1.126,0.928,1.323
2503,1.155,0.956,1.351
2504,1.164,0.956,1.353
2505,1.155,0.956,1.349
2506,1.155,0.958,1.351
2507,1.136,0.948,1.326
2508,1.108,0.909,1.297
2509,1.098,0.894,1.295
2510,1.089,0.89,1.277
2511,1.08,0.872,1.259
2512,1.117,0.912,1.304
2513,1.117,0.918,1.312
2514,1.089,0.883,1.284
2515,1.061,0.855,1.247
2516,1.08,0.885,1.266
2517,1.07,0.88,1.261
2518,1.098,0.9,1.296
2519,1.08,0.876,1.268
2520,1.07,0.873,1.257
2521,1.061,0.872,1.24
2522,1.014,0.835,1.203
2523,0.957,0.77,1.154
2524,0.929,0.742,1.118
2525,0.976,0.789,1.173
2526,0.986,0.798,1.177
2527,1.014,0.827,1.201
2528,0.995,0.807,1.189
2529,1.014,0.818,1.208
2530,0.995,0.808,1.184
2531,1.014,0.824,1.211
2532,1.07,0.872,1.276
2533,1.004,0.809,1.191
2534,0.967,0.781,1.155
2535,0.939,0.752,1.125
2536,0.976,0.788,1.172
2537,0.976,0.789,1.168
2538,0.995,0.808,1.189
2539,0.976,0.789,1.174
2540,0.995,0.806,1.201
2541,1.004,0.816,1.217
2542,0.995,0.808,1.201
2543,1.042,0.847,1.249
2544,1.07,0.865,1.285
2545,1.07,0.865,1.277
2546,1.089,0.883,1.308
2547,1.033,0.844,1.249
2548,1.004,0.816,1.21
2549,0.939,0.758,1.126
2550,0.911,0.731,1.107
2551,0.911,0.723,1.099
2552,0.948,0.759,1.136
2553,0.957,0.769,1.144
2554,0.929,0.75,1.114
2555,0.939,0.761,1.125
2556,0.92,0.734,1.108
2557,0.939,0.769,1.126
2558,0.929,0.751,1.116
2559,0.976,0.799,1.172
2560,0.995,0.807,1.185
2561,0.976,0.797,1.163
2562,0.967,0.789,1.148
2563,0.957,0.779,1.143
2564,0.957,0.771,1.153
2565,0.892,0.723,1.077
2566,0.854,0.685,1.032
2567,0.845,0.677,1.022
2568,0.864,0.694,1.049
2569,0.854,0.677,1.04
2570,0.864,0.687,1.041
2571,0.892,0.714,1.071
2572,0.873,0.695,1.044
2573,0.92,0.723,1.099
2574,0.948,0.752,1.136
2575,0.948,0.751,1.124
2576,0.948,0.758,1.127
2577,0.892,0.694,1.069
2578,0.882,0.687,1.059
2579,0.873,0.686,1.052
2580,0.854,0.674,1.025
2581,0.882,0.694,1.059
2582,0.845,0.658,1.013
2583,0.835,0.656,1.004
2584,0.779,0.602,0.94
2585,0.789,0.62,0.956
2586,0.798,0.637,0.958
2587,0.807,0.648,0.969
2588,0.751,0.591,0.911
2589,0.742,0.581,0.901
2590,0.742,0.582,0.901
2591,0.742,0.582,0.9
2592,0.779,0.62,0.939
2593,0.789,0.62,0.955
2594,0.817,0.649,0.983
2595,0.826,0.666,0.994
2596,0.798,0.638,0.959
2597,0.826,0.667,0.994
2598,0.77,0.61,0.929
2599,0.817,0.649,0.986
2600,0.826,0.665,0.995
2601,0.76,0.609,0.921
2602,0.742,0.583,0.91
2603,0.779,0.629,0.948
2604,0.826,0.665,0.997
2605,0.826,0.665,1.003
2606,0.835,0.666,1.005
2607,0.854,0.694,1.015
2608,0.835,0.674,0.996
2609,0.864,0.694,1.032
2610,0.835,0.666,1.013
2611,0.817,0.648,0.986
2612,0.817,0.657,0.987
2613,0.798,0.639,0.967
2614,0.835,0.676,1.014
2615,0.845,0.684,1.023
2616,0.854,0.687,1.031
2617,0.854,0.692,1.032
2618,0.911,0.732,1.097
2619,0.92,0.741,1.1
2620,0.948,0.761,1.134
2621,0.939,0.76,1.125
2622,0.939,0.751,1.119
2623,0.957,0.769,1.139
2624,0.967,0.779,1.153
2625,0.967,0.779,1.159
2626,0.957,0.769,1.153
2627,0.948,0.753,1.137
2628,0.986,0.798,1.175
2629,1.004,0.807,1.207
2630,0.967,0.778,1.16
2631,0.967,0.779,1.154
2632,0.929,0.749,1.12
2633,0.957,0.779,1.146
2634,0.967,0.78,1.162
2635,1.014,0.819,1.21
2636,1.042,0.854,1.238
2637,1.004,0.817,1.201
2638,1.004,0.817,1.202
2639,0.986,0.798,1.174
2640,0.967,0.78,1.162
2641,1.014,0.815,1.202
2642,0.986,0.798,1.175
2643,0.967,0.779,1.163
2644,0.957,0.769,1.152
2645,0.901,0.714,1.072
2646,0.864,0.685,1.031
2647,0.817,0.647,0.985
2648,0.789,0.618,0.957
2649,0.817,0.639,0.986
2650,0.835,0.658,1.005
2651,0.789,0.62,0.958
2652,0.779,0.611,0.94
2653,0.798,0.63,0.965
2654,0.845,0.676,1.015
2655,0.854,0.676,1.032
2656,0.892,0.705,1.08
2657,0.882,0.705,1.077
2658,0.882,0.704,1.062
2659,0.892,0.705,1.08
2660,0.854,0.675,1.042
2661,0.817,0.639,0.994
2662,0.826,0.648,1.005
2663,0.817,0.638,0.992
2664,0.789,0.619,0.956
2665,0.817,0.64,0.987
2666,0.826,0.648,1.001
2667,0.864,0.684,1.04
2668,0.901,0.722,1.081
2669,0.892,0.715,1.072
2670,0.845,0.676,1.022
2671,0.845,0.675,1.014
2672,0.864,0.685,1.04
2673,0.873,0.695,1.044
2674,0.864,0.685,1.04
2675,0.929,0.741,1.108
2676,0.957,0.777,1.143
2677,0.976,0.788,1.161
2678,0.929,0.75,1.101
2679,0.948,0.779,1.126
2680,0.929,0.759,1.11
2681,0.892,0.722,1.071
2682,0.929,0.752,1.115
2683,0.901,0.725,1.072
2684,0.873,0.703,1.05
2685,0.826,0.65,0.996
2686,0.835,0.658,1.006
2687,0.835,0.666,1.004
2688,0.845,0.675,1.014
2689,0.854,0.685,1.031
2690,0.826,0.666,0.996
2691,0.807,0.647,0.976
2692,0.845,0.677,1.023
2693,0.873,0.705,1.053
2694,0.864,0.696,1.051
2695,0.882,0.714,1.072
2696,0.864,0.695,1.051
2697,0.854,0.684,1.04
2698,0.864,0.694,1.053
2699,0.873,0.706,1.053
2700,0.882,0.714,1.059
2701,0.892,0.722,1.07
2702,0.845,0.676,1.022
2703,0.835,0.668,1.006
2704,0.835,0.675,0.996
2705,0.807,0.648,0.968
2706,0.798,0.639,0.975
2707,0.77,0.619,0.931
2708,0.751,0.6,0.909
2709,0.779,0.611,0.947
2710,0.798,0.637,0.967
2711,0.835,0.667,1.013
2712,0.854,0.684,1.03
2713,0.864,0.696,1.034
2714,0.854,0.694,1.024
2715,0.892,0.723,1.078
2716,0.929,0.761,1.119
2717,0.892,0.723,1.078
2718,0.854,0.676,1.034
2719,0.873,0.696,1.065
2720,0.854,0.677,1.041
2721,0.845,0.675,1.031
2722,0.845,0.677,1.032
2723,0.835,0.668,1.015
2724,0.826,0.666,1.004
2725,0.835,0.668,1.015
2726,0.845,0.678,1.024
2727,0.826,0.667,1.006
2728,0.835,0.676,1.016
2729,0.807,0.647,0.983
2730,0.779,0.619,0.94
2731,0.817,0.656,0.994
2732,0.835,0.667,1.013
2733,0.826,0.663,0.995
2734,0.807,0.648,0.977
2735,0.807,0.648,0.976
2736,0.76,0.601,0.921
2737,0.742,0.592,0.893
2738,0.751,0.601,0.903
2739,0.76,0.618,0.929
2740,0.76,0.619,0.928
2741,0.77,0.62,0.939
2742,0.742,0.592,0.902
2743,0.835,0.684,1.006
2744,0.845,0.694,1.025
2745,0.835,0.686,1.015
2746,0.835,0.677,1.012
2747,0.835,0.677,1.006
2748,0.845,0.686,1.02
2749,0.826,0.666,0.997
2750,0.826,0.675,1.003
2751,0.826,0.668,1.005
2752,0.864,0.704,1.048
2753,0.845,0.694,1.023
2754,0.864,0.705,1.041
2755,0.873,0.72,1.043
2756,0.882,0.723,1.051
2757,0.892,0.723,1.062
2758,0.901,0.732,1.088
2759,0.911,0.741,1.09
2760,0.929,0.752,1.116
2761,0.939,0.769,1.125
2762,0.957,0.787,1.145
2763,0.929,0.761,1.116
2764,0.948,0.779,1.127
2765,0.939,0.761,1.126
2766,0.911,0.734,1.089
2767,0.864,0.695,1.043
2768,0.854,0.685,1.033
2769,0.892,0.723,1.069
2770,0.901,0.732,1.078
2771,0.939,0.752,1.126
2772,0.901,0.721,1.078
2773,0.92,0.74,1.091
2774,0.901,0.723,1.073
2775,0.911,0.731,1.081
2776,0.939,0.752,1.107
2777,0.911,0.732,1.077
2778,0.967,0.779,1.136
2779,0.967,0.779,1.137
2780,0.929,0.75,1.096
2781,0.929,0.751,1.107
2782,0.957,0.777,1.128
2783,0.957,0.77,1.127
2784,0.929,0.742,1.091
2785,0.92,0.741,1.081
2786,0.911,0.723,1.071
2787,0.911,0.73,1.079
2788,0.939,0.75,1.108
2789,0.995,0.798,1.174
2790,0.995,0.807,1.175
2791,0.957,0.768,1.128
2792,0.967,0.77,1.144
2793,0.929,0.744,1.108
2794,0.948,0.761,1.128
2795,0.976,0.789,1.172
2796,0.976,0.781,1.171
2797,0.967,0.77,1.165
2798,0.976,0.788,1.165
2799,0.957,0.77,1.147
2800,0.986,0.788,1.182
2801,1.004,0.816,1.199
2802,1.051,0.855,1.248
2803,1.023,0.833,1.21
2804,1.014,0.835,1.199
2805,1.004,0.825,1.201
2806,1.033,0.853,1.23
2807,1.014,0.835,1.211
2808,1.004,0.832,1.193
2809,1.014,0.836,1.203
2810,1.033,0.845,1.228
2811,1.089,0.902,1.283
2812,1.117,0.927,1.306
2813,1.126,0.93,1.317
2814,1.145,0.95,1.35
2815,1.126,0.938,1.326
2816,1.108,0.921,1.314
2817,1.089,0.917,1.288
2818,1.08,0.904,1.278
2819,1.07,0.882,1.269
2820,1.042,0.854,1.233
2821,1.033,0.844,1.226
2822,1.023,0.845,1.21
2823,1.042,0.855,1.23
2824,1.033,0.845,1.212
2825,1.08,0.881,1.276
2826,1.117,0.91,1.323
2827,1.117,0.919,1.317
2828,1.117,0.919,1.315
2829,1.145,0.946,1.35
2830,1.164,0.975,1.365
2831,1.173,0.967,1.386
2832,1.126,0.928,1.341
2833,1.117,0.919,1.323
2834,1.108,0.919,1.321
2835,1.07,0.89,1.268
2836,1.023,0.851,1.229
2837,1.014,0.835,1.211
2838,1.042,0.863,1.233
2839,1.07,0.891,1.259
2840,1.08,0.893,1.276
2841,1.08,0.901,1.278
2842,1.042,0.863,1.239
2843,1.042,0.863,1.231
2844,1.07,0.898,1.268
2845,1.07,0.882,1.259
2846,1.051,0.864,1.24
2847,1.051,0.872,1.239
2848,1.014,0.835,1.192
2849,0.976,0.801,1.163
2850,0.976,0.807,1.165
2851,0.901,0.741,1.084
2852,0.901,0.741,1.097
2853,0.92,0.752,1.102
2854,0.948,0.779,1.138
2855,0.882,0.722,1.069
2856,0.845,0.685,1.035
2857,0.835,0.675,1.015
2858,0.845,0.692,1.03
2859,0.826,0.666,0.996
2860,0.835,0.675,1.006
2861,0.826,0.665,0.995
2862,0.864,0.703,1.052
2863,0.845,0.684,1.025
2864,0.835,0.667,1.022
2865,0.901,0.741,1.089
2866,0.92,0.758,1.109
2867,0.873,0.714,1.062
2868,0.845,0.695,1.025
2869,0.854,0.705,1.033
2870,0.882,0.724,1.06
2871,0.864,0.705,1.041
2872,0.892,0.724,1.087
2873,0.854,0.686,1.033
2874,0.864,0.695,1.043
2875,0.864,0.695,1.042
2876,0.882,0.714,1.062
2877,0.892,0.724,1.082
2878,0.882,0.713,1.068
2879,0.882,0.713,1.06
2880,0.864,0.694,1.034
2881,0.864,0.696,1.051
2882,0.845,0.676,1.032
2883,0.864,0.695,1.053
2884,0.835,0.675,1.023
2885,0.835,0.667,1.024
2886,0.882,0.705,1.069
2887,0.892,0.715,1.09
2888,0.873,0.696,1.061
2889,0.854,0.694,1.042
2890,0.845,0.687,1.032
2891,0.845,0.675,1.024
2892,0.835,0.675,1.013
2893,0.901,0.732,1.079
2894,0.873,0.704,1.051
2895,0.854,0.685,1.034
2896,0.892,0.714,1.073
2897,0.845,0.684,1.015
2898,0.845,0.677,1.017
2899,0.864,0.703,1.043
2900,0.845,0.685,1.022
2901,0.807,0.648,0.985
2902,0.789,0.629,0.959
2903,0.77,0.619,0.939
2904,0.789,0.637,0.957
2905,0.77,0.621,0.938
2906,0.77,0.61,0.929
2907,0.789,0.622,0.948
2908,0.779,0.61,0.938
2909,0.807,0.648,0.976
2910,0.817,0.648,0.978
2911,0.798,0.64,0.95
2912,0.817,0.648,0.986
2913,0.798,0.629,0.959
2914,0.789,0.63,0.947
2915,0.779,0.62,0.939
2916,0.779,0.62,0.948
2917,0.779,0.617,0.938
2918,0.807,0.647,0.976
2919,0.826,0.666,0.995
2920,0.807,0.648,0.976
2921,0.817,0.658,0.986
2922,0.845,0.685,1.014
2923,0.835,0.676,1.012
2924,0.845,0.683,1.015
2925,0.864,0.695,1.042
2926,0.873,0.704,1.049
2927,0.873,0.704,1.04
2928,0.873,0.713,1.042
2929,0.854,0.702,1.015
2930,0.845,0.695,1.007
2931,0.864,0.702,1.024
2932,0.892,0.723,1.061
2933,0.882,0.715,1.045
2934,0.854,0.694,1.015
2935,0.873,0.703,1.042
2936,0.882,0.706,1.061
2937,0.92,0.741,1.107
2938,0.957,0.778,1.144
2939,0.948,0.77,1.127
2940,0.939,0.753,1.118
2941,0.901,0.723,1.091
2942,0.882,0.704,1.069
2943,0.911,0.724,1.089
2944,0.911,0.732,1.089
2945,0.948,0.761,1.128
2946,0.948,0.767,1.127
2947,0.939,0.752,1.115
2948,0.892,0.723,1.069
2949,0.882,0.723,1.053
2950,0.892,0.722,1.068
2951,0.835,0.676,1.004
2952,0.817,0.657,0.985
2953,0.789,0.629,0.957
2954,0.835,0.668,1.004
2955,0.826,0.658,0.993
2956,0.835,0.666,1.014
2957,0.835,0.668,1.014
2958,0.817,0.656,0.985
2959,0.807,0.646,0.974
2960,0.798,0.628,0.967
2961,0.826,0.656,1.003
2962,0.807,0.639,0.986
2963,0.789,0.629,0.959
2964,0.76,0.601,0.929
2965,0.751,0.599,0.919
2966,0.77,0.61,0.949
2967,0.807,0.646,0.995
2968,0.835,0.674,1.023
2969,0.845,0.683,1.041
2970,0.845,0.676,1.042
2971,0.845,0.675,1.042
2972,0.835,0.667,1.025
2973,0.826,0.657,1.024
2974,0.826,0.658,1.015
2975,0.892,0.722,1.09
2976,0.92,0.751,1.118
2977,0.92,0.744,1.109
2978,0.986,0.806,1.176
2979,0.948,0.778,1.146
2980,0.911,0.749,1.082
2981,0.892,0.732,1.07
2982,0.939,0.772,1.124
2983,0.957,0.788,1.146
2984,0.957,0.789,1.144
2985,0.929,0.768,1.117
2986,0.967,0.807,1.158
2987,0.986,0.815,1.185
2988,1.004,0.834,1.193
2989,0.986,0.816,1.175
2990,0.939,0.761,1.126
2991,0.948,0.762,1.146
2992,0.967,0.788,1.164
2993,0.948,0.77,1.144
2994,0.939,0.76,1.135
2995,0.92,0.742,1.114
2996,0.929,0.751,1.127
2997,0.957,0.778,1.161
2998,0.986,0.806,1.191
2999,0.939,0.763,1.134
3000,0.967,0.789,1.163
3001,0.948,0.77,1.13
3002,0.92,0.748,1.096
3003,0.92,0.751,1.098
3004,0.92,0.752,1.097
3005,0.901,0.741,1.07
3006,0.929,0.761,1.108
3007,0.948,0.781,1.129
3008,0.948,0.779,1.137
3009,0.986,0.817,1.175
3010,0.948,0.77,1.136
3011,0.901,0.732,1.08
3012,0.92,0.751,1.099
3013,0.911,0.751,1.089
3014,0.901,0.74,1.089
3015,0.911,0.75,1.092
3016,0.901,0.733,1.079
3017,0.92,0.75,1.107
3018,0.957,0.789,1.145
3019,0.957,0.78,1.142
3020,0.92,0.741,1.1
3021,0.911,0.734,1.098
3022,0.882,0.706,1.069
3023,0.854,0.686,1.043
3024,0.92,0.742,1.116
3025,0.976,0.8,1.172
3026,0.957,0.779,1.154
3027,0.901,0.731,1.089
3028,0.911,0.74,1.098
3029,0.901,0.732,1.089
3030,0.901,0.732,1.091
3031,0.929,0.751,1.127
3032,0.948,0.77,1.146
3033,0.957,0.78,1.147
3034,1.014,0.835,1.211
3035,1.042,0.856,1.239
3036,1.051,0.861,1.249
3037,1.061,0.872,1.257
3038,1.042,0.855,1.24
3039,1.023,0.828,1.221
3040,1.033,0.837,1.233
3041,1.033,0.836,1.231
3042,1.042,0.844,1.239
3043,1.051,0.847,1.248
3044,1.051,0.853,1.249
3045,1.033,0.835,1.231
3046,1.042,0.854,1.23
3047,1.033,0.844,1.228
3048,1.023,0.827,1.211
3049,1.014,0.816,1.203
3050,1.014,0.822,1.203
3051,0.957,0.771,1.146
3052,0.929,0.751,1.117
3053,0.929,0.743,1.117
3054,0.911,0.731,1.1
3055,0.882,0.704,1.071
3056,0.873,0.704,1.061
3057,0.873,0.694,1.06
3058,0.817,0.647,0.986
3059,0.835,0.666,1.014
3060,0.817,0.641,0.995
3061,0.817,0.64,0.996
3062,0.826,0.657,1.005
3063,0.826,0.658,1.015
3064,0.807,0.639,0.977
3065,0.807,0.638,0.978
3066,0.789,0.621,0.965
3067,0.77,0.61,0.94
3068,0.77,0.601,0.939
3069,0.685,0.535,0.836
3070,0.676,0.525,0.825
3071,0.713,0.562,0.864
3072,0.695,0.535,0.852
3073,0.666,0.516,0.825
3074,0.638,0.488,0.796
3075,0.629,0.486,0.78
3076,0.61,0.46,0.752
3077,0.601,0.451,0.742
3078,0.629,0.478,0.771
3079,0.685,0.526,0.844
3080,0.676,0.525,0.826
3081,0.695,0.544,0.853
3082,0.713,0.563,0.881
3083,0.732,0.581,0.892
3084,0.789,0.63,0.951
3085,0.798,0.637,0.964
3086,0.835,0.674,1.004
3087,0.817,0.657,0.986
3088,0.826,0.666,1.002
3089,0.864,0.694,1.042
3090,0.873,0.695,1.048
3091,0.911,0.74,1.089
3092,0.929,0.752,1.106
3093,0.957,0.778,1.134
3094,0.986,0.798,1.171
3095,1.004,0.824,1.192
3096,1.014,0.828,1.209
3097,0.986,0.799,1.174
3098,0.995,0.808,1.184
3099,0.995,0.808,1.184
3100,0.995,0.808,1.182
3101,0.967,0.787,1.155
3102,0.967,0.79,1.149
3103,0.948,0.771,1.135
3104,0.948,0.777,1.146
3105,0.92,0.742,1.116
3106,0.939,0.76,1.137
3107,0.976,0.798,1.182
3108,0.976,0.798,1.18
3109,1.023,0.837,1.229
3110,1.014,0.826,1.223
3111,1.042,0.844,1.248
3112,1.051,0.845,1.264
3113,1.033,0.833,1.249
3114,1.014,0.818,1.23
3115,1.004,0.818,1.222
3116,0.986,0.799,1.184
3117,0.986,0.798,1.187
3118,0.948,0.753,1.145
3119,0.967,0.776,1.163
3120,0.92,0.733,1.117
3121,0.901,0.721,1.097
3122,0.864,0.686,1.052
3123,0.845,0.668,1.022
3124,0.835,0.667,1.019
3125,0.826,0.657,1.013
3126,0.798,0.629,0.977
3127,0.817,0.649,0.992
3128,0.873,0.703,1.06
3129,0.901,0.723,1.098
3130,0.929,0.749,1.128
3131,0.967,0.788,1.165
3132,0.986,0.798,1.184
3133,1.004,0.817,1.202
3134,0.986,0.799,1.182
3135,0.976,0.789,1.166
3136,0.986,0.807,1.182
3137,0.995,0.816,1.194
3138,0.986,0.807,1.182
3139,0.967,0.782,1.163
3140,0.957,0.779,1.163
3141,0.986,0.805,1.184
3142,0.957,0.778,1.147
3143,0.976,0.797,1.175
3144,0.948,0.77,1.137
3145,0.957,0.779,1.153
3146,0.948,0.778,1.14
3147,0.957,0.788,1.146
3148,0.929,0.759,1.109
3149,0.92,0.75,1.107
3150,0.911,0.741,1.088
3151,0.92,0.751,1.097
3152,0.901,0.723,1.088
3153,0.854,0.683,1.041
3154,0.817,0.655,0.988
3155,0.807,0.638,0.984
3156,0.835,0.667,1.022
3157,0.807,0.647,0.984
3158,0.77,0.609,0.948
3159,0.789,0.621,0.966
3160,0.779,0.61,0.947
3161,0.807,0.639,0.977
3162,0.789,0.619,0.967
3163,0.864,0.695,1.051
3164,0.882,0.714,1.067
3165,0.882,0.713,1.069
3166,0.854,0.693,1.036
3167,0.826,0.666,1.013
3168,0.854,0.684,1.052
3169,0.864,0.695,1.052
3170,0.892,0.731,1.081
3171,0.92,0.752,1.114
3172,0.92,0.743,1.101
3173,0.929,0.76,1.115
3174,0.92,0.743,1.108
3175,0.882,0.713,1.069
3176,0.892,0.723,1.071
3177,0.892,0.723,1.081
3178,0.892,0.723,1.089
3179,0.873,0.704,1.061
3180,0.864,0.695,1.051
3181,0.901,0.724,1.091
3182,0.864,0.685,1.049
3183,0.864,0.695,1.052
3184,0.826,0.657,1.003
3185,0.817,0.656,0.996
3186,0.798,0.638,0.969
3187,0.807,0.638,0.986
3188,0.798,0.627,0.975
3189,0.789,0.611,0.967
3190,0.76,0.591,0.931
3191,0.751,0.581,0.928
3192,0.723,0.563,0.892
3193,0.751,0.591,0.921
3194,0.751,0.583,0.93
3195,0.723,0.572,0.893
3196,0.742,0.582,0.91
3197,0.77,0.619,0.939
3198,0.742,0.582,0.919
3199,0.742,0.593,0.911
3200,0.76,0.608,0.94
3201,0.789,0.637,0.957
3202,0.742,0.591,0.903
3203,0.779,0.611,0.946
3204,0.76,0.611,0.929
3205,0.779,0.628,0.94
3206,0.779,0.628,0.947
3207,0.779,0.62,0.947
3208,0.807,0.639,0.985
3209,0.817,0.656,0.997
3210,0.854,0.688,1.043
3211,0.864,0.703,1.051
3212,0.901,0.722,1.09
3213,0.882,0.711,1.079
3214,0.873,0.712,1.063
3215,0.911,0.741,1.097
3216,0.92,0.75,1.099
3217,0.939,0.76,1.12
3218,0.939,0.76,1.128
3219,0.967,0.778,1.17
3220,0.976,0.779,1.175
3221,0.986,0.798,1.177
3222,0.976,0.797,1.163
3223,0.976,0.797,1.167
3224,0.957,0.77,1.137
3225,0.929,0.742,1.114
3226,0.882,0.704,1.061
3227,0.892,0.713,1.07
3228,0.892,0.705,1.071
3229,0.929,0.749,1.11
3230,0.92,0.733,1.098
3231,0.967,0.771,1.144
3232,0.995,0.798,1.183
3233,0.976,0.788,1.164
3234,0.957,0.771,1.137
3235,0.92,0.732,1.116
3236,0.882,0.703,1.06
3237,0.864,0.683,1.041
3238,0.882,0.695,1.061
3239,0.882,0.704,1.061
3240,0.901,0.714,1.089
3241,0.911,0.724,1.097
3242,0.901,0.73,1.08
3243,0.864,0.694,1.04
3244,0.901,0.731,1.081
3245,0.873,0.703,1.06
3246,0.873,0.696,1.053
3247,0.939,0.752,1.124
3248,0.948,0.752,1.136
3249,0.939,0.742,1.119
3250,0.948,0.76,1.135
3251,0.957,0.76,1.138
3252,0.957,0.76,1.143
3253,0.957,0.751,1.138
3254,0.929,0.732,1.117
3255,0.892,0.713,1.081
3256,0.892,0.713,1.087
3257,0.882,0.704,1.07
3258,0.864,0.686,1.049
3259,0.92,0.742,1.105
3260,0.911,0.732,1.099
3261,0.929,0.759,1.117
3262,0.864,0.695,1.033
3263,0.882,0.713,1.058
3264,0.882,0.713,1.058
3265,0.864,0.696,1.041
3266,0.873,0.704,1.05
3267,0.901,0.731,1.087
3268,0.92,0.75,1.107
3269,0.939,0.769,1.12
3270,0.976,0.798,1.157
3271,0.948,0.778,1.143
3272,0.967,0.787,1.156
3273,1.014,0.826,1.201
3274,0.986,0.798,1.177
3275,0.957,0.77,1.135
3276,0.948,0.769,1.126
3277,0.957,0.787,1.138
3278,0.948,0.768,1.136
3279,0.92,0.741,1.108
3280,0.901,0.723,1.08
3281,0.901,0.731,1.08
3282,0.911,0.732,1.09
3283,0.929,0.751,1.119
3284,0.873,0.704,1.061
3285,0.901,0.731,1.08
3286,0.92,0.752,1.091
3287,0.892,0.725,1.061
3288,0.948,0.77,1.128
3289,0.948,0.77,1.134
3290,0.939,0.761,1.122
3291,0.911,0.749,1.097
3292,0.892,0.722,1.071
3293,0.92,0.75,1.107
3294,0.873,0.705,1.049
3295,0.892,0.722,1.067
3296,0.854,0.685,1.029
3297,0.854,0.685,1.023
3298,0.798,0.638,0.956
3299,0.779,0.62,0.931
3300,0.826,0.665,0.986
3301,0.835,0.665,0.996
3302,0.817,0.647,0.976
3303,0.835,0.664,1.004
3304,0.798,0.63,0.966
3305,0.873,0.695,1.044
3306,0.892,0.714,1.069
3307,0.873,0.704,1.051
3308,0.901,0.723,1.081
3309,0.864,0.695,1.034
3310,0.835,0.675,1.013
3311,0.835,0.676,1.005
3312,0.835,0.666,1.004
3313,0.835,0.666,1.015
3314,0.864,0.694,1.035
3315,0.845,0.668,1.023
3316,0.882,0.705,1.061
3317,0.854,0.675,1.025
3318,0.882,0.695,1.051
3319,0.845,0.665,1.013
3320,0.798,0.621,0.967
3321,0.789,0.619,0.957
3322,0.779,0.618,0.949
3323,0.76,0.601,0.92
3324,0.789,0.619,0.957
3325,0.798,0.629,0.968
3326,0.789,0.62,0.959
3327,0.77,0.611,0.955
3328,0.817,0.657,1.005
3329,0.798,0.639,0.978
3330,0.798,0.639,0.977
3331,0.789,0.639,0.965
3332,0.807,0.649,0.979
3333,0.835,0.674,1.012
3334,0.798,0.629,0.973
3335,0.789,0.621,0.964
3336,0.789,0.621,0.966
3337,0.807,0.639,0.994
3338,0.835,0.667,1.024
3339,0.864,0.695,1.05
3340,0.854,0.685,1.042
3341,0.835,0.659,1.012
3342,0.835,0.674,1.003
3343,0.845,0.686,1.017
3344,0.873,0.707,1.059
3345,0.854,0.685,1.033
3346,0.835,0.658,1.006
3347,0.864,0.685,1.043
3348,0.892,0.714,1.071
3349,0.892,0.722,1.078
3350,0.892,0.722,1.072
3351,0.901,0.73,1.08
3352,0.901,0.731,1.082
3353,0.882,0.705,1.06
3354,0.873,0.704,1.06
3355,0.901,0.732,1.088
3356,0.882,0.713,1.052
3357,0.892,0.722,1.069
3358,0.882,0.713,1.068
3359,0.892,0.714,1.071
3360,0.939,0.76,1.127
3361,0.873,0.705,1.06
3362,0.873,0.705,1.051
3363,0.882,0.713,1.061
3364,0.911,0.725,1.096
3365,0.901,0.713,1.088
3366,0.892,0.705,1.088
3367,0.892,0.703,1.089
3368,0.892,0.702,1.089
3369,0.882,0.695,1.072
3370,0.901,0.705,1.098
3371,0.92,0.723,1.106
3372,0.92,0.724,1.117
3373,0.92,0.724,1.125
3374,0.92,0.733,1.116
3375,0.892,0.722,1.081
3376,0.882,0.704,1.069
3377,0.911,0.731,1.099
3378,0.873,0.703,1.052
3379,0.92,0.742,1.099
3380,0.929,0.751,1.108
3381,0.957,0.779,1.145
3382,0.948,0.787,1.135
3383,0.939,0.77,1.126
3384,0.901,0.741,1.091
3385,0.948,0.778,1.134
3386,0.976,0.807,1.164
3387,0.929,0.761,1.116
3388,0.873,0.713,1.05
3389,0.892,0.722,1.077
3390,0.873,0.703,1.052
3391,0.854,0.694,1.031
3392,0.873,0.713,1.052
3393,0.873,0.714,1.052
3394,0.864,0.704,1.051
3395,0.864,0.712,1.043
3396,0.864,0.711,1.043
3397,0.845,0.686,1.024
3398,0.817,0.659,0.993
3399,0.835,0.676,1.006
3400,0.807,0.656,0.977
3401,0.798,0.645,0.966
3402,0.779,0.628,0.94
3403,0.807,0.646,0.968
3404,0.845,0.676,1.011
3405,0.835,0.667,1.012
3406,0.854,0.684,1.033
3407,0.854,0.686,1.023
3408,0.892,0.723,1.068
3409,0.901,0.733,1.079
3410,0.901,0.732,1.077
3411,0.892,0.723,1.07
3412,0.929,0.752,1.107
3413,0.976,0.798,1.154
3414,1.014,0.835,1.192
3415,1.004,0.818,1.184
3416,1.033,0.843,1.212
3417,0.995,0.805,1.175
3418,1.014,0.835,1.211
3419,1.004,0.817,1.2
3420,1.023,0.835,1.217
3421,1.051,0.864,1.252
3422,1.051,0.864,1.255
3423,1.051,0.864,1.255
3424,1.023,0.835,1.224
3425,1.033,0.845,1.235
3426,1.033,0.845,1.236
3427,1.004,0.817,1.209
3428,0.976,0.796,1.183
3429,0.976,0.789,1.165
3430,0.986,0.798,1.193
3431,1.004,0.816,1.194
3432,0.995,0.816,1.196
3433,0.995,0.815,1.191
3434,0.957,0.78,1.153
3435,0.957,0.77,1.156
3436,0.939,0.761,1.135
3437,0.92,0.732,1.107
3438,0.939,0.75,1.137
3439,0.939,0.751,1.128
3440,0.92,0.742,1.104
3441,0.864,0.696,1.052
3442,0.882,0.713,1.077
3443,0.854,0.686,1.04
3444,0.864,0.695,1.052
3445,0.882,0.705,1.07
3446,0.882,0.713,1.061
3447,0.854,0.685,1.03
3448,0.882,0.713,1.058
3449,0.873,0.704,1.049
3450,0.92,0.751,1.108
3451,0.939,0.767,1.128
3452,0.976,0.795,1.171
3453,0.957,0.77,1.146
3454,0.92,0.74,1.108
3455,0.939,0.758,1.125
3456,0.911,0.734,1.092
3457,0.948,0.771,1.143
3458,0.948,0.777,1.136
3459,0.957,0.787,1.151
3460,0.939,0.751,1.134
3461,0.957,0.77,1.147
3462,0.929,0.751,1.115
3463,0.957,0.77,1.155
3464,0.939,0.751,1.128
3465,0.939,0.751,1.118
3466,0.986,0.79,1.172
3467,0.995,0.807,1.181
3468,0.995,0.814,1.181
3469,0.939,0.76,1.118
3470,0.92,0.751,1.099
3471,0.986,0.808,1.173
3472,0.967,0.796,1.154
3473,0.957,0.779,1.142
3474,0.939,0.76,1.118
3475,0.939,0.759,1.117
3476,0.939,0.76,1.118
3477,0.939,0.758,1.127
3478,0.967,0.788,1.146
3479,0.967,0.797,1.153
3480,0.967,0.788,1.153
3481,0.901,0.731,1.079
3482,0.854,0.686,1.04
3483,0.835,0.676,1.004
3484,0.845,0.686,1.014
3485,0.817,0.658,0.993
3486,0.817,0.649,0.995
3487,0.817,0.657,0.994
3488,0.807,0.647,0.992
3489,0.854,0.684,1.041
3490,0.864,0.695,1.043
3491,0.882,0.707,1.061
3492,0.892,0.723,1.08
3493,0.901,0.733,1.081
3494,0.911,0.74,1.086
3495,0.901,0.74,1.079
3496,0.901,0.734,1.07
3497,0.892,0.724,1.061
3498,0.929,0.759,1.118
3499,0.957,0.78,1.155
3500,0.939,0.77,1.136
3501,0.901,0.741,1.087
3502,0.92,0.751,1.111
3503,0.92,0.74,1.118
3504,0.929,0.749,1.13
3505,0.901,0.731,1.089
3506,0.873,0.706,1.06
3507,0.911,0.731,1.098
3508,0.929,0.759,1.119
3509,0.939,0.752,1.129
3510,0.957,0.77,1.147
3511,0.957,0.778,1.144
3512,0.986,0.798,1.164
3513,1.014,0.826,1.195
3514,1.023,0.836,1.205
3515,1.033,0.844,1.213
3516,1.033,0.844,1.22
3517,1.042,0.845,1.231
3518,1.014,0.825,1.21
3519,1.033,0.846,1.228
3520,1.051,0.855,1.247
3521,1.033,0.845,1.234
3522,1.051,0.864,1.248
3523,1.042,0.853,1.247
3524,1.014,0.825,1.219
3525,1.023,0.827,1.237
3526,0.948,0.752,1.143
3527,0.957,0.775,1.154
3528,0.948,0.771,1.145
3529,0.986,0.806,1.182
3530,0.986,0.799,1.174
3531,0.986,0.806,1.172
3532,0.995,0.817,1.18
3533,0.995,0.817,1.194
3534,1.014,0.835,1.202
3535,0.995,0.824,1.192
3536,0.986,0.807,1.181
3537,0.986,0.799,1.163
3538,1.004,0.825,1.192
3539,0.967,0.797,1.152
3540,0.957,0.789,1.143
3541,1.004,0.828,1.182
3542,1.051,0.866,1.239
3543,1.042,0.863,1.238
3544,1.014,0.835,1.212
3545,1.014,0.827,1.203
3546,1.033,0.836,1.221
3547,1.033,0.855,1.228
3548,1.023,0.845,1.22
3549,1.051,0.865,1.259
3550,1.08,0.891,1.278
3551,1.117,0.931,1.312
3552,1.07,0.89,1.275
3553,1.08,0.892,1.287
3554,1.098,0.909,1.304
3555,1.108,0.929,1.313
3556,1.08,0.892,1.284
3557,1.098,0.902,1.294
3558,1.126,0.93,1.325
3559,1.098,0.902,1.288
3560,1.07,0.881,1.259
3561,1.08,0.879,1.267
3562,1.051,0.862,1.241
3563,1.033,0.847,1.214
3564,1.042,0.845,1.23
3565,1.089,0.897,1.285
3566,1.089,0.9,1.279
3567,1.08,0.889,1.276
3568,1.08,0.898,1.267
3569,1.117,0.925,1.306
3570,1.108,0.911,1.305
3571,1.08,0.89,1.274
3572,1.042,0.846,1.221
3573,1.023,0.828,1.212
3574,1.014,0.818,1.212
3575,1.051,0.865,1.25
3576,1.023,0.836,1.229
3577,1.014,0.827,1.214
3578,1.014,0.835,1.212
3579,0.986,0.814,1.173
3580,0.986,0.81,1.173
3581,0.957,0.797,1.137
3582,0.957,0.789,1.146
3583,0.948,0.788,1.125
3584,0.939,0.77,1.119
3585,0.911,0.743,1.09
3586,0.882,0.722,1.06
3587,0.901,0.734,1.079
3588,0.901,0.742,1.079
3589,0.948,0.788,1.136
3590,0.976,0.805,1.173
3591,0.948,0.787,1.138
3592,0.986,0.816,1.177
3593,0.948,0.778,1.138
3594,0.939,0.772,1.126
3595,0.929,0.76,1.116
3596,0.929,0.761,1.116
3597,0.911,0.743,1.102
3598,0.92,0.75,1.099
3599,0.957,0.786,1.135
3600,0.948,0.77,1.126
3601,0.929,0.751,1.115
3602,0.967,0.789,1.162
3603,0.939,0.76,1.137
3604,0.92,0.75,1.111
3605,0.948,0.778,1.138
3606,0.929,0.752,1.109
3607,0.892,0.721,1.077
3608,0.901,0.731,1.081
3609,0.854,0.685,1.032
3610,0.845,0.667,1.023
3611,0.835,0.666,1.006
3612,0.835,0.666,1.013
3613,0.835,0.664,1.006
3614,0.854,0.684,1.024
3615,0.882,0.713,1.06
3616,0.892,0.722,1.069
3617,0.892,0.724,1.071
3618,0.882,0.722,1.06
3619,0.882,0.73,1.062
3620,0.854,0.686,1.034
3621,0.864,0.704,1.033
3622,0.873,0.705,1.048
3623,0.835,0.675,1.014
3624,0.873,0.702,1.044
3625,0.854,0.676,1.032
3626,0.873,0.695,1.05
3627,0.873,0.695,1.052
3628,0.873,0.704,1.05
3629,0.835,0.676,1.012
3630,0.854,0.678,1.033
3631,0.873,0.694,1.052
3632,0.854,0.693,1.024
3633,0.892,0.731,1.062
3634,0.92,0.742,1.091
3635,0.967,0.788,1.146
3636,0.986,0.808,1.166
3637,1.004,0.826,1.192
3638,1.004,0.827,1.2
3639,1.004,0.825,1.194
3640,0.986,0.808,1.173
3641,0.957,0.778,1.138
3642,0.948,0.777,1.133
3643,0.92,0.75,1.1
3644,0.911,0.741,1.09
3645,0.873,0.704,1.052
3646,0.92,0.74,1.089
3647,0.92,0.74,1.091
3648,0.929,0.742,1.107
3649,0.976,0.788,1.146
3650,0.967,0.78,1.136
3651,0.986,0.794,1.156
3652,0.976,0.779,1.154
3653,0.967,0.778,1.145
3654,0.901,0.719,1.071
3655,0.911,0.732,1.072
3656,0.892,0.714,1.052
3657,0.901,0.72,1.071
3658,0.901,0.714,1.071
3659,0.901,0.715,1.087
3660,0.92,0.751,1.1
3661,0.892,0.714,1.072
3662,0.911,0.731,1.087
3663,0.929,0.759,1.107
3664,0.929,0.759,1.105
3665,0.976,0.798,1.155
3666,1.004,0.816,1.191
3667,0.986,0.798,1.173
3668,0.957,0.787,1.144
3669,0.892,0.722,1.07
3670,0.892,0.722,1.062
3671,0.882,0.713,1.077
3672,0.882,0.704,1.07
3673,0.948,0.768,1.146
3674,0.995,0.808,1.202
3675,0.967,0.778,1.174
3676,0.967,0.788,1.156
3677,0.986,0.808,1.176
3678,0.995,0.816,1.183
3679,1.014,0.838,1.212
3680,1.033,0.854,1.231
3681,1.042,0.853,1.247
3682,1.033,0.846,1.239
3683,1.023,0.835,1.231
3684,1.033,0.846,1.231
3685,1.033,0.844,1.233
3686,1.014,0.826,1.214
3687,0.986,0.8,1.184
3688,0.967,0.786,1.166
3689,0.967,0.787,1.155
3690,0.976,0.788,1.165
3691,0.967,0.78,1.154
3692,0.995,0.809,1.184
3693,1.014,0.825,1.202
3694,0.995,0.807,1.184
3695,0.986,0.797,1.166
3696,0.948,0.769,1.128
3697,0.976,0.788,1.153
3698,0.976,0.787,1.152
3699,0.986,0.797,1.163
3700,0.986,0.789,1.171
3701,0.967,0.779,1.145
3702,0.967,0.779,1.138
3703,0.939,0.751,1.11
3704,0.911,0.722,1.08
3705,0.957,0.77,1.137
3706,0.929,0.742,1.107
3707,0.929,0.74,1.099
3708,0.948,0.762,1.135
3709,0.948,0.761,1.137
3710,0.948,0.761,1.134
3711,0.92,0.743,1.101
3712,0.948,0.769,1.136
3713,0.948,0.76,1.135
3714,0.948,0.762,1.135
3715,0.967,0.79,1.138
3716,0.957,0.781,1.135
3717,0.892,0.724,1.064
3718,0.957,0.779,1.138
3719,0.939,0.759,1.119
3720,0.957,0.779,1.146
3721,0.939,0.768,1.126
3722,0.939,0.769,1.123
3723,0.967,0.797,1.153
3724,0.957,0.79,1.144
3725,0.957,0.789,1.137
3726,0.929,0.761,1.109
3727,0.939,0.769,1.118
3728,0.967,0.79,1.147
3729,0.967,0.797,1.152
3730,0.995,0.825,1.191
3731,1.004,0.827,1.201
3732,0.986,0.808,1.19
3733,0.986,0.799,1.186
3734,0.976,0.799,1.182
3735,0.92,0.751,1.108
3736,0.911,0.741,1.091
3737,0.901,0.733,1.082
3738,0.939,0.769,1.119
3739,0.948,0.778,1.137
3740,0.957,0.79,1.155
3741,0.986,0.817,1.179
3742,0.957,0.788,1.149
3743,0.976,0.808,1.171
3744,0.939,0.769,1.127
3745,0.892,0.724,1.078
3746,0.882,0.721,1.063
3747,0.948,0.779,1.136
3748,0.967,0.799,1.154
3749,0.948,0.78,1.128
3750,0.911,0.751,1.09
3751,0.911,0.742,1.079
3752,0.882,0.714,1.051
3753,0.864,0.696,1.041
3754,0.901,0.732,1.08
3755,0.911,0.741,1.088
3756,0.939,0.77,1.119
3757,0.957,0.78,1.138
3758,0.986,0.816,1.164
3759,0.92,0.743,1.091
3760,0.967,0.798,1.156
3761,1.004,0.835,1.202
3762,1.033,0.863,1.228
3763,1.023,0.846,1.219
3764,1.023,0.846,1.219
3765,1.033,0.862,1.231
3766,0.995,0.818,1.201
3767,0.976,0.806,1.183
3768,1.023,0.845,1.229
3769,0.986,0.807,1.188
3770,0.976,0.799,1.172
3771,0.995,0.814,1.189
3772,0.948,0.768,1.145
3773,1.033,0.843,1.223
3774,1.051,0.863,1.246
3775,1.051,0.855,1.252
3776,1.061,0.875,1.267
3777,1.042,0.865,1.24
3778,1.023,0.845,1.218
3779,1.023,0.844,1.212
3780,0.986,0.807,1.176
3781,0.976,0.807,1.162
3782,0.929,0.76,1.116
3783,0.873,0.705,1.05
3784,0.939,0.77,1.134
3785,0.92,0.751,1.102
3786,0.92,0.751,1.1
3787,0.901,0.732,1.087
3788,0.92,0.759,1.109
3789,0.92,0.75,1.117
3790,0.911,0.742,1.097
3791,0.929,0.76,1.125
3792,0.939,0.779,1.129
3793,0.901,0.741,1.082
3794,0.864,0.704,1.046
3795,0.873,0.713,1.054
3796,0.873,0.704,1.062
3797,0.892,0.723,1.08
3798,0.873,0.714,1.054
3799,0.901,0.742,1.088
3800,0.901,0.743,1.091
3801,0.929,0.77,1.124
3802,0.92,0.751,1.097
3803,0.892,0.73,1.072
3804,0.901,0.732,1.091
3805,0.929,0.761,1.12
3806,0.976,0.806,1.171
3807,0.986,0.816,1.181
3808,0.976,0.806,1.155
3809,1.014,0.827,1.197
3810,1.014,0.828,1.2
3811,1.051,0.88,1.247
3812,1.089,0.91,1.294
3813,1.089,0.895,1.304
3814,1.089,0.899,1.302
3815,1.042,0.855,1.265
3816,1.033,0.846,1.251
3817,1.051,0.864,1.261
3818,1.033,0.835,1.244
3819,1.042,0.845,1.24
3820,1.051,0.855,1.253
3821,1.08,0.883,1.284
3822,1.08,0.874,1.287
3823,1.098,0.892,1.297
3824,1.117,0.901,1.333
3825,1.051,0.846,1.257
3826,1.08,0.88,1.286
3827,1.07,0.873,1.285
3828,1.08,0.882,1.285
3829,1.098,0.9,1.305
3830,1.08,0.882,1.284
3831,1.051,0.846,1.239
3832,1.08,0.873,1.278
3833,1.098,0.9,1.297
3834,1.098,0.891,1.295
3835,1.089,0.884,1.278
3836,1.004,0.815,1.193
3837,0.986,0.795,1.175
3838,0.957,0.768,1.148
3839,0.957,0.77,1.147
3840,0.929,0.75,1.108
3841,0.957,0.771,1.136
3842,0.957,0.771,1.138
3843,0.901,0.713,1.077
3844,0.892,0.713,1.069
3845,0.911,0.732,1.091
3846,0.892,0.714,1.078
3847,0.864,0.695,1.053
3848,0.864,0.694,1.052
3849,0.835,0.676,1.023
3850,0.873,0.704,1.06
3851,0.901,0.724,1.093
3852,0.901,0.724,1.097
3853,0.892,0.722,1.08
3854,0.957,0.778,1.154
3855,0.995,0.809,1.192
3856,1.004,0.818,1.204
3857,1.004,0.824,1.203
3858,1.004,0.824,1.201
3859,1.004,0.824,1.21
3860,0.957,0.779,1.144
3861,0.948,0.778,1.137
3862,0.939,0.761,1.134
3863,0.939,0.761,1.126
3864,0.929,0.757,1.116
3865,0.929,0.751,1.116
3866,0.976,0.806,1.163
3867,1.023,0.837,1.21
3868,1.051,0.862,1.241
3869,1.08,0.891,1.276
3870,1.061,0.882,1.26
3871,1.08,0.901,1.285
3872,1.08,0.9,1.288
3873,1.07,0.89,1.274
3874,1.051,0.873,1.241
3875,1.023,0.845,1.212
3876,1.042,0.864,1.231
3877,1.042,0.872,1.23
3878,1.051,0.872,1.248
3879,0.957,0.789,1.143
3880,0.948,0.788,1.135
3881,0.948,0.786,1.127
3882,0.92,0.753,1.107
3883,0.957,0.789,1.144
3884,0.92,0.76,1.099
3885,0.892,0.732,1.071
3886,0.854,0.695,1.024
3887,0.873,0.712,1.05
3888,0.854,0.695,1.032
3889,0.911,0.741,1.099
3890,0.957,0.779,1.147
3891,1.004,0.834,1.2
3892,0.976,0.817,1.172
3893,0.995,0.826,1.203
3894,0.986,0.826,1.194
3895,0.976,0.806,1.183
3896,0.986,0.808,1.175
3897,0.957,0.779,1.146
3898,0.939,0.761,1.119
3899,0.957,0.787,1.146
3900,0.986,0.806,1.18
3901,0.957,0.78,1.145
3902,0.967,0.796,1.155
3903,0.967,0.797,1.147
3904,0.967,0.796,1.148
3905,0.986,0.814,1.171
3906,0.995,0.818,1.177
3907,1.042,0.846,1.224
3908,1.033,0.836,1.211
3909,0.995,0.807,1.163
3910,0.976,0.798,1.154
3911,0.957,0.769,1.127
3912,0.976,0.789,1.146
3913,0.967,0.772,1.137
3914,0.976,0.789,1.146
3915,0.986,0.796,1.164
3916,1.014,0.827,1.197
3917,1.051,0.856,1.247
3918,1.033,0.844,1.221
3919,1.061,0.866,1.258
3920,1.033,0.836,1.229
3921,1.051,0.855,1.24
3922,1.089,0.892,1.285
3923,1.07,0.883,1.269
3924,1.07,0.881,1.265
3925,1.07,0.881,1.268
3926,1.089,0.894,1.295
3927,1.08,0.892,1.287
3928,1.07,0.881,1.267
3929,1.117,0.929,1.322
3930,1.126,0.939,1.332
3931,1.098,0.916,1.296
3932,1.089,0.901,1.286
3933,1.108,0.918,1.304
3934,1.126,0.93,1.322
3935,1.089,0.901,1.285
3936,1.08,0.882,1.273
3937,1.061,0.864,1.248
3938,1.061,0.862,1.24
3939,1.023,0.823,1.201
3940,0.986,0.79,1.155
3941,0.957,0.76,1.128
3942,0.929,0.743,1.1
3943,0.939,0.752,1.117
3944,0.92,0.741,1.09
3945,0.901,0.714,1.072
3946,0.892,0.713,1.061
3947,0.892,0.706,1.059
3948,0.911,0.724,1.09
3949,0.911,0.722,1.081
3950,0.911,0.722,1.089
3951,0.92,0.733,1.095
3952,0.939,0.751,1.116
3953,0.967,0.787,1.148
3954,0.929,0.751,1.11
3955,0.911,0.733,1.09
3956,0.892,0.712,1.08
3957,0.854,0.676,1.033
3958,0.873,0.695,1.061
3959,0.864,0.685,1.042
3960,0.854,0.676,1.031
3961,0.864,0.693,1.033
3962,0.911,0.74,1.091
3963,0.882,0.713,1.061
3964,0.901,0.732,1.081
3965,0.892,0.722,1.072
3966,0.854,0.684,1.025
3967,0.873,0.704,1.05
3968,0.882,0.713,1.061
3969,0.882,0.714,1.061
3970,0.911,0.741,1.093
3971,0.901,0.732,1.079
3972,0.873,0.704,1.051
3973,0.901,0.733,1.078
3974,0.873,0.695,1.05
3975,0.864,0.687,1.05
3976,0.901,0.725,1.09
3977,0.901,0.724,1.087
3978,0.901,0.734,1.089
3979,0.854,0.696,1.025
3980,0.826,0.676,0.996
3981,0.845,0.687,1.016
3982,0.864,0.712,1.032
3983,0.864,0.703,1.022
3984,0.882,0.714,1.052
3985,0.864,0.704,1.033
3986,0.854,0.685,1.016
3987,0.864,0.695,1.035
3988,0.901,0.724,1.072
3989,0.882,0.706,1.052
3990,0.892,0.722,1.069
3991,0.929,0.751,1.107
3992,0.929,0.758,1.108
3993,0.873,0.703,1.051
3994,0.864,0.695,1.042
3995,0.854,0.685,1.031
3996,0.892,0.713,1.078
3997,0.882,0.703,1.054
3998,0.929,0.751,1.114
3999,0.92,0.741,1.1
4000,0.901,0.723,1.073
