canonical_sequence,tri_mut_count,base_tri_counts,mutagenicity,totalTimesMutated,gw_counts,mutagenicity_gw,fold_enrichment,p_value,adj_pvalue,significance
GCC,6055,575095,0.010528695259044159,575745,3845366,0.14972436953985654,0.07032051823895927,0.0,0.0,****
CCG,13538,322052,0.042036689727124814,1025387,14322076,0.07159485817558851,0.5871467700100556,0.0,0.0,****
CGC,8062,170525,0.047277525289546984,887859,14863494,0.05973420516064393,0.7914648761526659,1.7830123753979597e-103,5.705639601273471e-102,****
ACG,2825,45064,0.06268862062843955,1197657,16502152,0.07257580708261564,0.8637674612020345,6.953150080270681e-16,2.225008025686618e-14,****
CGA,2050,40858,0.05017377257819766,712302,13422601,0.0530673600444504,0.9454733104524324,0.009476825709132813,0.30325842269225,ns
ACT,648,75702,0.008559879527621463,819324,99290391,0.008251795483411884,1.037335395045709,0.3593773309775604,11.500074591281933,ns
AGC,1441,159243,0.009049063381121934,583646,83523622,0.006987795620261775,1.294981117490517,7.037661603310113e-23,2.2520517130592362e-21,****
AGA,1144,126524,0.00904176282760583,934804,135914298,0.006877893008725248,1.3146123116680517,1.5388280219834984e-20,4.924249670347195e-19,****
GCA,1598,154888,0.010317132379525851,593227,88110791,0.006732739466610849,1.5323825362158752,2.174150472954201e-66,6.957281513453443e-65,****
AAA,367,58444,0.006279515433577442,935767,234131702,0.003996754783766958,1.5711535416388422,2.9791367258105652e-18,9.533237522593809e-17,****
ACC,8209,511175,0.01605907957157529,709954,70032405,0.010137507058339636,1.584125118646824,0.0,0.0,****
ACA,1364,82167,0.016600338335341438,1180831,124088380,0.009516048158578587,1.7444571589706028,7.073611226126544e-97,2.263555592360494e-95,****
ATG,1771,106781,0.016585347580562085,1089217,121237003,0.008984196021407754,1.8460580714225434,2.760154714397411e-152,8.832495086071715e-151,****
AAT,407,36437,0.01116996459642671,963772,163578363,0.0058918061186368515,1.895847278662834,2.283273921797841e-39,7.306476549753091e-38,****
CCC,48876,2916636,0.01675766190913093,687818,79186263,0.008686077280853625,1.9292554472280805,0.0,0.0,****
CAG,3270,301542,0.010844260501024734,683208,122381328,0.005582616328530117,1.9425050662365668,0.0,0.0,****
AGG,14626,955737,0.015303373208319862,780400,107025504,0.007291719925000307,2.098732996566543,0.0,0.0,****
TCA,896,78306,0.011442290501366434,661677,122260619,0.005412020693270006,2.114236280654882,1.1598967395943662e-116,3.711669566701972e-115,****
GAC,1369,121804,0.011239368165249088,301034,57622565,0.005224238108803383,2.1513889549386325,2.3788441608048172e-185,7.612301314575415e-184,****
CCA,9556,718213,0.013305245101383574,680224,118945537,0.0057187853967148004,2.3265858356963127,0.0,0.0,****
ATC,1130,81670,0.013836169952246846,472122,85038776,0.0055518437847694325,2.492175660670442,6.281228053341567e-222,2.0099929770693013e-220,****
CAC,5861,356260,0.016451468028967606,605390,92154056,0.006569325608413806,2.504285677040735,0.0,0.0,****
GTA,757,53471,0.01415720671017935,387286,70078909,0.005526427359193049,2.5617285436004607,5.544050209672834e-159,1.774096067095307e-157,****
GGA,15926,909731,0.017506273832594472,694298,103219206,0.006726441976312044,2.6026053438422383,0.0,0.0,****
CAA,1210,96475,0.012542109354755119,539234,117707971,0.004581117110582086,2.7377840496117534,1.6246805621926013e-292,5.198977799016324e-291,****
ATA,710,23130,0.030696065715520967,1185731,129300807,0.009170329462831582,3.3473241981038644,7.9724094976349725e-258,2.5511710392431912e-256,****
CTC,8225,576819,0.01425923903338829,413546,103263136,0.004004778626905152,3.5605561160337267,0.0,0.0,****
AAG,2835,176481,0.016064052220918966,542506,121701801,0.004457666160585413,3.603691178795973,0.0,0.0,****
AAC,2552,88575,0.02881174146203782,495346,90301575,0.005485463570264417,5.252380421997589,0.0,0.0,****
GAA,3284,166803,0.019687895301643256,461786,133119514,0.0034689579771152107,5.675449351512679,0.0,0.0,****
TAA,1732,38215,0.04532251733612456,595908,94417453,0.006311417868897607,7.181035747842327,0.0,0.0,****
CTA,3105,87654,0.03542336915599972,383044,78407560,0.0048852942241794034,7.251020620349614,0.0,0.0,****
